[{"model": "admin.logentry", "pk": 1, "fields": {"action_time": "2020-10-21T10:14:13.100Z", "user": 1, "content_type": 7, "object_id": "1", "object_repr": "venum-mma-store.example.com", "action_flag": 2, "change_message": "[{\"changed\": {\"fields\": [\"Domain name\", \"Display name\"]}}]"}}, {"model": "admin.logentry", "pk": 2, "fields": {"action_time": "2020-10-21T10:25:24.718Z", "user": 1, "content_type": 8, "object_id": "1", "object_repr": "nikolasdrosatos@gmail.com", "action_flag": 2, "change_message": "[]"}}, {"model": "admin.logentry", "pk": 3, "fields": {"action_time": "2020-10-23T08:31:33.870Z", "user": 1, "content_type": 13, "object_id": "29", "object_repr": "Venum Challenger Mouthguard - Yellow/Black", "action_flag": 2, "change_message": "[{\"changed\": {\"fields\": [\"Image\"]}}]"}}, {"model": "auth.user", "pk": 1, "fields": {"password": "pbkdf2_sha256$216000$KQgvRZZa4Me3$1/9XxJXsRpuD3SacAaVPj5Xkggr1mAael2etE/Qb8f0=", "last_login": "2020-11-06T12:32:31.529Z", "is_superuser": true, "username": "Nikolaos1993", "first_name": "", "last_name": "", "email": "nikolasdrosatos@gmail.com", "is_staff": true, "is_active": true, "date_joined": "2020-10-21T10:00:05.212Z", "groups": [], "user_permissions": []}}, {"model": "auth.user", "pk": 2, "fields": {"password": "pbkdf2_sha256$216000$ZR6UmqxICk6a$SuF6JlVvgKkJjIdWmVVSCjRAt1qLJRm5KGRNRn1OPro=", "last_login": "2020-11-02T13:53:13.926Z", "is_superuser": false, "username": "Petko", "first_name": "", "last_name": "", "email": "test@test.com", "is_staff": false, "is_active": true, "date_joined": "2020-11-02T12:10:40.918Z", "groups": [], "user_permissions": []}}, {"model": "sessions.session", "pk": "9g91fmy6p1twshu8mefxlekm1dyjb4tx", "fields": {"session_data": ".eJxVjMEOwiAQBf9lzw2BCkJ79O43kAUWixow0BqN8d-1SQ96fTNvXmBxmSe7NKo2BRihh-53c-gvlFcQzphPhfmS55ocWxW20caOJdD1sLl_gQnb9H0LL4KOQUUtdpq0kZ6QG6-1kpIHQwbDXvgoOO3QIfcqDg57Id3QS6PksEYbtZZKtvS4pfqEkXfQ8E425VhgnOtC7w8B9UVk:1kZavO:dY_eS_vt28iQ1LBVnuBavKCZVZHUCAtsjDKv4Zw-MCk", "expire_date": "2020-11-16T14:35:10.365Z"}}, {"model": "sessions.session", "pk": "d9ibeum2a1pn12tvzg6g8gy6ouagjndr", "fields": {"session_data": "eyJiYWciOnsiMjUiOnsiaXRlbXNfYnlfc2l6ZSI6eyJtIjoxfX19fQ:1kY4Ei:D_7RwjLOvE1rOGPTAmj72hdCV3kGFx2zJZObtArbLGc", "expire_date": "2020-11-12T09:28:48.189Z"}}, {"model": "sessions.session", "pk": "dbnvuyhv4o5m32u9vzopnsvogj1xxzp6", "fields": {"session_data": ".eJxVjEEOgyAURO_CuiGCgOiy-56BfOBXaA00omkb491bWzfuJjNv3kKesYQhlol0y3oiFvp_MDBPwcwFRxM96Qgjh86Cu2PaBn-D1GfqcprGaOmG0H0t9JI9DuedPQgClPB9W665ZEoqpcAL77CtG-GkU6ySUvkaFQctGqEFYxKd8_wKGjyIFiVw_pMWLCXmZPD1iOObdNX6AbLzRsM:1kb1QB:UB8ujFD7wRfOGeWnc_GHQnFpntqju2eJWcT_WEy5tk4", "expire_date": "2020-11-20T13:04:51.857Z"}}, {"model": "sessions.session", "pk": "hs9sicbvgrum7su3wot7e3aixjeocuay", "fields": {"session_data": ".eJx9jEEOgjAURO_y14TQ0pbC0r1naH7bL1QFDIVEJNxdMCx042YymXkzCxicxsZMkQYTPFTAIPnOLLobdXvhr9jVfer6bhyCTXckPdqYnntP99PB_hw0GJttbbnmkimplEIvvKMyL4STTrFMSuVzUhy1KIQWjElyzvMLavQoSpLI-ec0Uoyh7ww9H2GYocoSsFhDtQDTu4aR2mjsbGJ40R60ULF1TaDIN5NA_o9a1zfVDlbr:1kZyFo:2H5ChXyK5wSwZTmNbkuW1Xpt5BcegaH4EwTq3LhWnDs", "expire_date": "2020-11-17T15:29:48.004Z"}}, {"model": "sessions.session", "pk": "np1pda7y42z88px3hdtc67ejw403ccti", "fields": {"session_data": "eyJzYXZlX2luZm8iOmZhbHNlLCJ3aXNobGlzdCI6e30sImJhZyI6e319:1kaJNH:eCb5n981IPWNlT2b7sU4LoxMdvyWMhIRujzO9T2o_bs", "expire_date": "2020-11-18T14:02:55.496Z"}}, {"model": "sessions.session", "pk": "qdap7hrsd06aedqtvn52ln46uxh33s29", "fields": {"session_data": "eyJiYWciOnsiMjUiOnsiaXRlbXNfYnlfc2l6ZSI6eyJtIjoxfX19fQ:1kZYQD:6324pxz9aIHp05t9GIPkMSIPp1hURKMB_AOgSpM9oUQ", "expire_date": "2020-11-16T11:54:49.627Z"}}, {"model": "sessions.session", "pk": "s4e3jewuubiaddh0c5plxga6jyfjaklh", "fields": {"session_data": "eyJiYWciOnsiMTgiOnsiaXRlbXNfYnlfc2l6ZSI6eyJtIjoxfX19fQ:1kZXwg:AMdrGb8MiagkyGnzOo9rjyAX0tkigWOslNIBbuwOT78", "expire_date": "2020-11-16T11:24:18.061Z"}}, {"model": "sessions.session", "pk": "tmki5x2dykwovzn3l71nr7hs8pp4umap", "fields": {"session_data": ".eJxVjEEOgjAQRe8ya9PQ2pbC0r1naIaZUaqmNRQSjfHuSsKG7X_v_Q_EKrWmkqO8nml6Q98cIOIyj3GpMsXE0IOG3TYg3SWvgG-Yr0VRyfOUBrUqaqNVnQvL47S5u4MR6_ivBxOM095575Etk3TH1pIjrxvnPB_FGwy2tcFq7YSIzQUDMtpOHBrD8P0B7yY-3g:1kVBG6:02W7Zn66NEbl1zLMEeVnxVnajWUxdd6xYttlk-q0R6E", "expire_date": "2020-11-04T10:22:18.462Z"}}, {"model": "sessions.session", "pk": "uwxul81pa7zz85brrok21208hsuaclk4", "fields": {"session_data": "eyJiYWciOnt9LCJ3aXNobGlzdCI6e319:1kblSw:YWSiGho4_-ZQYnciWRRd52lUoCUaeZ9sIS3TbFhC_k0", "expire_date": "2020-11-22T14:14:46.997Z"}}, {"model": "sessions.session", "pk": "yclyxcs7gddbl4i2dhha208l353zbda0", "fields": {"session_data": "eyJfbWVzc2FnZXMiOiJbW1wiX19qc29uX21lc3NhZ2VcIiwwLDQwLFwiVGhlcmUncyBub3RoaW5nIGluIHlvdXIgYmFnIGF0IHRoZSBtb21lbnRcIl1dIn0:1kZXw7:3_H0tBkBbJ-z2hrkRFDg9lX7lK5tBXzLyEa8vZC14jc", "expire_date": "2020-11-16T11:23:43.138Z"}}, {"model": "sites.site", "pk": 1, "fields": {"domain": "venum-mma-store.example.com", "name": "Venum Store"}}, {"model": "account.emailaddress", "pk": 1, "fields": {"user": 1, "email": "nikolasdrosatos@gmail.com", "verified": true, "primary": true}}, {"model": "account.emailaddress", "pk": 2, "fields": {"user": 2, "email": "test@test.com", "verified": true, "primary": true}}, {"model": "products.category", "pk": 1, "fields": {"name": "tops", "friendly_name": "Tops"}}, {"model": "products.category", "pk": 2, "fields": {"name": "tshirts", "friendly_name": "T-Shirts"}}, {"model": "products.category", "pk": 3, "fields": {"name": "shorts", "friendly_name": "Shorts"}}, {"model": "products.category", "pk": 4, "fields": {"name": "trousers", "friendly_name": "Trousers"}}, {"model": "products.category", "pk": 5, "fields": {"name": "jackets", "friendly_name": "Jackets"}}, {"model": "products.category", "pk": 6, "fields": {"name": "gloves", "friendly_name": "Gloves"}}, {"model": "products.category", "pk": 7, "fields": {"name": "shinguards", "friendly_name": "Shinguards"}}, {"model": "products.category", "pk": 8, "fields": {"name": "mouthguards", "friendly_name": "Mouthguards"}}, {"model": "products.category", "pk": 9, "fields": {"name": "headgear", "friendly_name": "Headgear"}}, {"model": "products.category", "pk": 10, "fields": {"name": "bags", "friendly_name": "Bags"}}, {"model": "products.category", "pk": 11, "fields": {"name": "news_arrivals", "friendly_name": "New Arrivals"}}, {"model": "products.category", "pk": 12, "fields": {"name": "deals", "friendly_name": "Deals"}}, {"model": "products.category", "pk": 13, "fields": {"name": "clearence", "friendly_name": "Clearence"}}, {"model": "products.product", "pk": 1, "fields": {"category": 2, "sku": "VENUM-03757-539", "name": "Venum Cargo T-shirt - Black/Green", "description": "The Cargo t-shirt is simple and elegant. It is nonetheless original: its contrasting yoke located at the shoulders and its zipped chest pocket make it a unique piece in the Venum universe.", "has_sizes": true, "price": "32.99", "rating": "4.60", "image_url": "https://euro.venum.com/media/catalog/product/cache/3d6373dfdbd8bf7042581a31874a0831/1/a/1af14c15e0e054da5f3993bfd918bd10264ce0f4_TS_CARGO_BLACK_KHAKI_SD_01.jpg", "image": "VENUM-03757-539.jpg"}}, {"model": "products.product", "pk": 2, "fields": {"category": 2, "sku": "VENUM-03757-109", "name": "Venum T-shirt - Black", "description": "Cargo t-shirt is simple and elegant. It is nonetheless original: its contrasting yoke located at the shoulders and its zipped chest pocket make it a unique piece in the Venum universe.", "has_sizes": true, "price": "35.99", "rating": "4.60", "image_url": "https://euro.venum.com/media/catalog/product/cache/3d6373dfdbd8bf7042581a31874a0831/d/c/dcbb4a3f661dcbd34de92caa1f45d7643c51d56b_TS_CARGO_BLACK_GREY_SD_01.jpg", "image": "VENUM-03757-109.jpg"}}, {"model": "products.product", "pk": 3, "fields": {"category": 2, "sku": "VENUM-03858-129", "name": "Venum BJJ Classic 20 T-Shirt Black", "description": " A much more bold product design compared to the VT range. A Fight Your Limits inscription represents the combative identity of the range.", "has_sizes": true, "price": "29.99", "rating": "4.70", "image_url": "https://euro.venum.com/en/venum-bjj-classic-20-t-shirt-black-gold.html", "image": "VENUM-03858-129.jpg"}}, {"model": "products.product", "pk": 4, "fields": {"category": 2, "sku": "VENUM-03857-126", "name": "Venum MMA Classic T-Shirt", "description": " A tremendous product of the line of Venum MMA Classic 20 T-Shirt Black.", "has_sizes": true, "price": "27.99", "rating": "3.00", "image_url": "https://euro.venum.com/media/catalog/product/cache/3d6373dfdbd8bf7042581a31874a0831/a/1/a134376c83a2bee0ce13b17337877711ae731647_TS_CLASSIC_2.0_BOXING_BLACK_GOLD_SD_01.jpg", "image": "VENUM-03857-126.jpg"}}, {"model": "products.product", "pk": 5, "fields": {"category": 2, "sku": "VENUM-03855-128", "name": "Venum MMA Classic 20 T-Shirt Black/Silver", "description": "Its Cotton / Elastane composition provides a softness and flexibility for increased comfort. As with all Venum products, care has been taken with every last detail.", "has_sizes": true, "price": "25.99", "rating": "3.60", "image_url": "https://euro.venum.com/media/catalog/product/cache/3d6373dfdbd8bf7042581a31874a0831/6/8/6883707213ed8f30e99c803d6fee971cdd7bd983_TS_CLASSIC_2.0_MMA_BLACK_SILVER_SD_01.jpg", "image": "VENUM-03855-128.jpg"}}, {"model": "products.product", "pk": 6, "fields": {"category": 2, "sku": "VENUM-03856-100", "name": "Venum MUAY THAI Classic 20 T-Shirt Black/Red", "description": "Its Cotton / Elastane composition provides a softness and flexibility for increased comfort. As with all Venum products, care has been taken with every last detail.", "has_sizes": true, "price": "27.99", "rating": "3.20", "image_url": "https://euro.venum.com/media/catalog/product/cache/3d6373dfdbd8bf7042581a31874a0831/b/c/bca4205f8768dc2106ce7b45f0470371b907b890_TS_CLASSIC_2.0_MUAYTHAI_BLACK_RED_SD_01.jpg", "image": "VENUM-03856-100.jpg"}}, {"model": "products.product", "pk": 7, "fields": {"category": 2, "sku": "VENUM-03730-114", "name": "Venum MMA VT T-shirt - Black/White", "description": "Its Cotton / Elastane composition provides a softness and flexibility for increased comfort. As with all Venum products, care has been taken with every last detail.", "has_sizes": true, "price": "27.99", "rating": "3.40", "image_url": "https://euro.venum.com/media/catalog/product/cache/3d6373dfdbd8bf7042581a31874a0831/4/7/470f25db225edf419b3677fc7be2a574ce012c2f_TS_VT_MMA_BLACK_BLACK_1500_01.jpg", "image": "VENUM-03730-114.jpg"}}, {"model": "products.product", "pk": 8, "fields": {"category": 2, "sku": "VENUM-03757", "name": "Venum Cargo T-shirt", "description": "Its Cotton / Elastane composition provides a softness and flexibility for increased comfort. As with all Venum products, care has been taken with every last detail.", "has_sizes": true, "price": "32.99", "rating": "3.10", "image_url": "https://euro.venum.com/media/catalog/product/cache/3d6373dfdbd8bf7042581a31874a0831/6/6/66dbe990718134044f03c8a002aca6fa6737deec_TS_CARGO_DARKBLUE_RASPBERRY_WHITE_1500_01.jpg", "image": "VENUM-03757.jpg"}}, {"model": "products.product", "pk": 9, "fields": {"category": 1, "sku": "VENUM-03704-219", "name": "Venum Trooper Tank Top - Forest Camo/Black", "description": "The Trooper tank top will be particularly appreciated during the summer months or in a gym during intense training.", "has_sizes": true, "price": "27.99", "rating": "4.20", "image_url": "https://euro.venum.com/media/catalog/product/cache/3d6373dfdbd8bf7042581a31874a0831/a/0/a05fb17d22d6e66ed6bd3818d1ffe444ac8594f4_TANKTOP_TROOPER_FORESTCAMO_BLACK_SD_01.jpg", "image": "VENUM-03704-219.jpg"}}, {"model": "products.product", "pk": 10, "fields": {"category": 1, "sku": "VENUM-03704-100", "name": "Venum Trooper tank top - Black/Red", "description": "The Trooper tank top will be particularly appreciated during the summer months or in a gym during intense training.", "has_sizes": true, "price": "27.99", "rating": "4.50", "image_url": "https://euro.venum.com/media/catalog/product/cache/3d6373dfdbd8bf7042581a31874a0831/1/4/146910fe01261146377fe0b15b12047439013da6_TANKTOP_TROOPER_BLACK_RED_SD_01.jpg", "image": "VENUM-03704-100.jpg"}}, {"model": "products.product", "pk": 11, "fields": {"category": 1, "sku": "VENUM-03704-210", "name": "Venum Trooper tank top - White/Black", "description": "The Trooper tank top will be particularly appreciated during the summer months or in a gym during intense training.", "has_sizes": true, "price": "27.99", "rating": "4.70", "image_url": "https://euro.venum.com/media/catalog/product/cache/3d6373dfdbd8bf7042581a31874a0831/9/a/9a9a087754cf0ca9e1701346f033dbc9e9c9bf28_TANKTOP_TROOPER_WHITE_BLACK_SD_01.jpg", "image": "VENUM-03704-210.jpg"}}, {"model": "products.product", "pk": 12, "fields": {"category": 1, "sku": "VENUM-03703-116", "name": "Venum Aero 2.0 Tank Top - Black/Neo Yellow", "description": "The Trooper tank top will be particularly appreciated during the summer months or in a gym during intense training.", "has_sizes": true, "price": "27.99", "rating": "4.00", "image_url": "https://euro.venum.com/media/catalog/product/cache/3d6373dfdbd8bf7042581a31874a0831/0/8/08e62977575c074492699a9a6ff7d5cec300e91a_TANKTOP_AERO2.0_BLACK_NEOYELLOW_SD_01.jpg", "image": "VENUM-03703-116.jpg"}}, {"model": "products.product", "pk": 13, "fields": {"category": 1, "sku": "VENUM-03703-541", "name": "Venum Aero 2.0 Tank Top - Grey/Cyan", "description": "The Aero 2.0 tank top has been designed to cope with hot weather and sustained training.", "has_sizes": true, "price": "27.99", "rating": "4.70", "image_url": "https://euro.venum.com/media/catalog/product/cache/3d6373dfdbd8bf7042581a31874a0831/9/d/9d92b1bba575480bc302a72068d6f95901d778f3_TANKTOP_AERO2.0_GREY_CYAN_SD_01.jpg", "image": "VENUM-03703-541.jpg"}}, {"model": "products.product", "pk": 14, "fields": {"category": 1, "sku": "VENUM-03523-126", "name": "Venum Club 182 Tank Top - Black/Gold", "description": "The Venum Club 182 Tank Top is a perfect mix between the Dry Tech Technology and strategic mesh panels.", "has_sizes": true, "price": "27.99", "rating": "4.70", "image_url": "https://euro.venum.com/media/catalog/product/cache/3d6373dfdbd8bf7042581a31874a0831/0/5/0581e9fdbf4500ec4e7545af29bc59c645ce3b0a_TANKTOP_CLUB182_BLACK_GOLD_SD_01.jpg", "image": "VENUM-03523-126.jpg"}}, {"model": "products.product", "pk": 15, "fields": {"category": 1, "sku": "VENUM-03816-199", "name": "Venum Muay Thai VT Tank Top - Red Wine/Black", "description": "The Venum Muay Thai VT tank top features a fitted cut that offers unmatched style and maximum comfort.", "has_sizes": true, "price": "27.99", "rating": "4.70", "image_url": "https://euro.venum.com/media/catalog/product/cache/3d6373dfdbd8bf7042581a31874a0831/6/2/62a1fab70a21c77f9a3fd01c6f34cbd455141b69_TANKTOP_VT_MUAYTHAI_REDVINE_BLACK_1500_00.jpg", "image": "VENUM-03816-199.jpg"}}, {"model": "products.product", "pk": 16, "fields": {"category": 1, "sku": "VENUM-03846-126", "name": "Venum Petrosyan Dry Tech Tank Top - Black/Gold", "description": "The Venum Petrosyan collection offers a range of performance and style-based products, featuring top athlete Giorgio Petrosyan.", "has_sizes": true, "price": "47.99", "rating": "5.00", "image_url": "https://cdn.shopify.com/s/files/1/0264/2218/1937/products/a_252F4_252Fb_252Ff_252Fa4bf52c23b209ace995286a83a855c7a77172ddf_TANKTOP_PETROSYAN_BLACK_GOLD_HD_01.png?v=1600172910", "image": "VENUM-03846-126.png"}}, {"model": "products.product", "pk": 17, "fields": {"category": 3, "sku": "VENUM-03937-109", "name": "Venum Bandit Fightshort - Black/Grey", "description": "Our fightshorts are symbolic of the Venum know-how, and are specifically designed to withstand the rough training of combat sports.", "has_sizes": true, "price": "59.99", "rating": "4.30", "image_url": "https://euro.venum.com/media/catalog/product/cache/3d6373dfdbd8bf7042581a31874a0831/7/c/7c644782ccfa418707b77b7901a9f465156bf807_FIGHTSHORT_BANDIT_BLACK_GREY_SD_01.jpg", "image": "VENUM-03937-109.jpg"}}, {"model": "products.product", "pk": 18, "fields": {"category": 3, "sku": "VENUM-03794", "name": "Venum Sky247 Fightshort - Black/Grey", "description": "Our fightshorts are symbolic of the Venum know-how, and are specifically designed to withstand the rough training of combat sports.", "has_sizes": true, "price": "59.99", "rating": "4.20", "image_url": "https://euro.venum.com/media/catalog/product/cache/3d6373dfdbd8bf7042581a31874a0831/a/0/a08686066e85d22b34a474155b69fac4b205e345_FS_247_BLACK_GREY_SD_01__1_.jpg", "image": "VENUM-03794.jpg"}}, {"model": "products.product", "pk": 19, "fields": {"category": 3, "sku": "VENUM-03799-498", "name": "Venum Defender Fightshort - Dark camo", "description": "The Venum Defender Fightshorts are perfectly suited to practice of MMA, and can also be used for the practice of other combat sports.", "has_sizes": true, "price": "59.99", "rating": "4.10", "image_url": "https://euro.venum.com/media/catalog/product/cache/3d6373dfdbd8bf7042581a31874a0831/b/6/b69862e61d8135e9f38e47762e3600837dbd64de_FIGHTSHORTS_DEFENDER_DARKCAMO_SD_02__1_.jpg", "image": "VENUM-03799-498.jpg"}}, {"model": "products.product", "pk": 20, "fields": {"category": 3, "sku": "VENUM-03799-501", "name": " Venum Defender Fightshort - Urban Camo ", "description": "The Venum Defender Fightshorts are perfectly suited to practice of MMA, and can also be used for the practice of other combat sports.", "has_sizes": true, "price": "59.99", "rating": "4.10", "image_url": "https://euro.venum.com/media/catalog/product/cache/3d6373dfdbd8bf7042581a31874a0831/0/c/0cf9b60e3934c8659cf3a965b3b81320fb52485b_FS_DEFENDER_URBANCAMO_SD_02.jpg", "image": "VENUM-03799-501.jpg"}}, {"model": "products.product", "pk": 21, "fields": {"category": 3, "sku": "VENUM-03615-200", "name": "Venum Light 3.0 Fightshorts - Khaki/Black", "description": "Improve your performances with the Venum Light 3.0 Fightshorts made with ripstop. The lycra insert on the crotch will give you a remarkable mobility that will allow you to surpass yourself during your training and your fights.", "has_sizes": true, "price": "59.99", "rating": "4.00", "image_url": "https://euro.venum.com/media/catalog/product/cache/3d6373dfdbd8bf7042581a31874a0831/c/8/c86cab62bd8ae2f78aa2c5cd97fab612620efc8b_FS_LIGHT_3.0_KHAKI_BLACK_1500_02.jpg", "image": "VENUM-03615-200.jpg"}}, {"model": "products.product", "pk": 22, "fields": {"category": 3, "sku": "VENUM-03615-126", "name": "Venum Light 3.0 Fightshorts - Black/Gold", "description": "Improve your performances with the Venum Light 3.0 Fightshorts made with ripstop. The lycra insert on the crotch will give you a remarkable mobility that will allow you to surpass yourself during your training and your fights.", "has_sizes": true, "price": "59.99", "rating": "4.00", "image_url": "https://euro.venum.com/media/catalog/product/cache/3d6373dfdbd8bf7042581a31874a0831/0/a/0a08ab6a87ed0b0c462f0b0b8c3b2972c482a511_FS_LIGHT_3.0_BLACK_GOLD_1500_02__1_.jpg", "image": "VENUM-03615-126.jpg"}}, {"model": "products.product", "pk": 23, "fields": {"category": 3, "sku": "VENUM-03615-449", "name": "Venum Light 3.0 Fightshorts - Gold/Black", "description": "Improve your performances with the Venum Light 3.0 Fightshorts made with ripstop. The lycra insert on the crotch will give you a remarkable mobility that will allow you to surpass yourself during your training and your fights.", "has_sizes": true, "price": "59.99", "rating": "4.00", "image_url": "https://euro.venum.com/media/catalog/product/cache/3d6373dfdbd8bf7042581a31874a0831/3/0/309d7894c251205c179e9da77800c1386894cfb9_FS_LIGHT_3.0_GOLD_BLACK_1500_02__1_.jpg", "image": "VENUM-03615-449.jpg"}}, {"model": "products.product", "pk": 24, "fields": {"category": 3, "sku": "VENUM-03615-501", "name": "Venum Light 3.0 Fightshorts - Urban Camo", "description": "Improve your performances with the Venum Light 3.0 Fightshorts made with ripstop. The lycra insert on the crotch will give you a remarkable mobility that will allow you to surpass yourself during your training and your fights.", "has_sizes": true, "price": "59.99", "rating": "4.00", "image_url": "https://euro.venum.com/media/catalog/product/cache/3d6373dfdbd8bf7042581a31874a0831/d/3/d3f4908cc02705fed53787a8b78d59b4da6d13ff_FS_LIGHT_3.0_URBANCAMO_1500_02.jpg", "image": "VENUM-03615-501.jpg"}}, {"model": "products.product", "pk": 25, "fields": {"category": 4, "sku": "VENUM-03946-405", "name": "Venum Origins Joggers Blue/Yellow", "description": "Utilizing an established Venum design (Laser, Laser Evo), these Loma Origins Joggers adopt our premium technical materials and design.", "has_sizes": true, "price": "39.99", "rating": "3.60", "image_url": "https://euro.venum.com/media/catalog/product/cache/3d6373dfdbd8bf7042581a31874a0831/d/1/d1f8562660d9fa919e97e6600f55c14016c70365_JOGGING_ORIGINS_BLUE_YELLOW_1500_01.jpg", "image": "VENUM-03946-405.jpg"}}, {"model": "products.product", "pk": 26, "fields": {"category": 5, "sku": "VENUM-03958-108", "name": "Venum Arrow Track Jacket Loma Edition - Black/White", "description": "The Venum Arrow jacket has a subtle and stylish design. This Venum jacket is new model, and has a more fitted cut used to enhance your shape.", "has_sizes": true, "price": "49.99", "rating": "3.80", "image_url": "https://euro.venum.com/media/catalog/product/cache/3d6373dfdbd8bf7042581a31874a0831/d/4/d40c7e72976b16af072e2804377f455213bb1ac2_HOODIE_ARROW_BLACK_WHITE_1500_01__2_.jpg", "image": "VENUM-03958-108.jpg"}}, {"model": "products.product", "pk": 27, "fields": {"category": 6, "sku": "VENUM-03951-108", "name": "Venum Arrow Boxing Gloves Loma Edition", "description": "The Loma signature collection has been designed with most athletes in mind. An ideal choice for experienced boxers and / or beginners looking for a product offering comfort, protection and longevity.", "has_sizes": false, "price": "49.99", "rating": "3.90", "image_url": "https://euro.venum.com/media/catalog/product/cache/3d6373dfdbd8bf7042581a31874a0831/a/4/a4d4c8c392ce9c7cd384e83f77842881f33a7a2b_BG_ARROW_LOMA_WHITE_1500_02.jpg", "image": "VENUM-03951-108.jpg"}}, {"model": "products.product", "pk": 28, "fields": {"category": 7, "sku": "VENUM-SHIN01-101", "name": "Venum Elite Standup Shin guards - White/Gold", "description": "Made in Thailand, our Elite standup shin guards combines comfort and great durability at an affordable price.", "has_sizes": false, "price": "109.98", "rating": "4.50", "image_url": "https://euro.venum.com/media/catalog/product/cache/3d6373dfdbd8bf7042581a31874a0831/1/6/16818a11206f90dace98e35fbbd6a39131f7c250_IMG_0307_2_copie.jpg", "image": "VENUM-SHIN01-101.jpg"}}, {"model": "products.product", "pk": 29, "fields": {"category": 8, "sku": "EU-VENUM-2047-Yellow/Black", "name": "Venum Challenger Mouthguard - Yellow/Black", "description": "Wherever there is intense training comes the need for intense protection and great durability at an affordable price.", "has_sizes": false, "price": "14.99", "rating": "4.20", "image_url": "https://euro.venum.com/media/catalog/product/cache/3d6373dfdbd8bf7042581a31874a0831/0/a/0aa18541b0870f4befa28785f2e158f435d87be5_MOUTHGUARD_CHALLENGER_YELLOW_BLACK_HD_01.jpg", "image": "EU-VENUM-2047-Yellow-Black_Woz39MA.jpg"}}, {"model": "products.product", "pk": 30, "fields": {"category": 9, "sku": "VENUM-03915-405", "name": "Venum Pro Boxing Headgear Loma Edition - Blue/Yellow", "description": "High-end bar helmet, specially designed for professional use. Comfortable and very protective, because of the natural foams utilized, this helmet is suitable for tough sparring rounds.", "has_sizes": true, "price": "219.99", "rating": "4.90", "image_url": "https://euro.venum.com/media/catalog/product/cache/3d6373dfdbd8bf7042581a31874a0831/e/7/e7ab1c18098a5e455f966586884908c873e049ed_HEADGEAR_BAR_PROBOX_LOMA_BLUE_YELLOW_1500_01.jpg", "image": "VENUM-03915-405.jpg"}}, {"model": "products.product", "pk": 31, "fields": {"category": 10, "sku": "EU-VENUM-2124", "name": "Venum Challenger Xtrem Backpack", "description": "This is just more than an oversized backpack. The Venum Challenger Xtrem Backpack is a fully convertible equipment bag!", "has_sizes": false, "price": "89.99", "rating": "4.30", "image_url": "https://euro.venum.com/media/catalog/product/cache/3d6373dfdbd8bf7042581a31874a0831/0/4/044d1515c5cd91bbc116bb35e08e8412ba921948_bag_challenger_xtrem_01.jpg", "image": "EU-VENUM-2124.jpg"}}, {"model": "products.product", "pk": 32, "fields": {"category": 11, "sku": "VENUM-03988-539", "name": "Venum Boxing Lab Dry Tech T-shirt - Black/Green", "description": "The Boxing Lab Dry-Tech t-shirts stand up to the toughest training sessions. Very comfortable thanks to a dry-tec elastane, they facilitate the wicking of perspiration and dry much faster than regular cotton shirts.", "has_sizes": true, "price": "38.99", "rating": "3.20", "image_url": "https://euro.venum.com/media/catalog/product/cache/3d6373dfdbd8bf7042581a31874a0831/e/5/e548a2b664f54c3789c2f19c394d180816f73764_DRYTECH_BOXINGLAB_BLACK_KHAKI_SD_01.jpg", "image": "VENUM-03988-539.jpg"}}, {"model": "products.product", "pk": 33, "fields": {"category": 12, "sku": "PACKM-00110", "name": "Venum Loma Tracksuit Pack", "description": "Beautiful tracksuit for eastern european men", "has_sizes": true, "price": "169.99", "rating": "4.30", "image_url": "https://euro.venum.com/media/catalog/product/cache/3d6373dfdbd8bf7042581a31874a0831/h/o/hoodie_commando_khaki_1500_08.jpg", "image": "PACKM-00110.jpg"}}, {"model": "products.product", "pk": 34, "fields": {"category": 13, "sku": "VENUM-03962-015", "name": "Venum Loma Commando Boxing Shorts - Khaki", "description": "The Venum Loma Commando Boxing Shorts pay tribute to traditional boxing shorts, but utilize a modern design. Soft and flexible, these shorts have all the features to ensure maximum comfort during your workout.", "has_sizes": true, "price": "39.99", "rating": "3.30", "image_url": "https://euro.venum.com/media/catalog/product/cache/3d6373dfdbd8bf7042581a31874a0831/7/4/7499b6086b0dc7e69d967e1249b4ac99d6e9c351_BOXING_SHORT_COMMANDO_KHAKI_1500_01.jpg", "image": "VENUM-03962-015.jpg"}}, {"model": "products.product", "pk": 37, "fields": {"category": 4, "sku": "VENUM-03939-109", "name": "VENUM BANDIT JOGGERS - BLACK/GREY", "description": "The cut of the Bandit joggers and the flexibility of the fabric make it a very comfortable tracksuit. Supported by an elastic waistband, it is also extremely durable.\r\n\r\nIts unique and urban design, inspired by the brand's historic collections, makes it a potential classic. Combined with the Bandit jacket, it will quickly become a must!", "has_sizes": true, "price": "70.00", "rating": "3.40", "image_url": "https://euro.venum.com/media/catalog/product/cache/3d6373dfdbd8bf7042581a31874a0831/6/0/60e7422c694f00c23defe52bc43f17db7fbd815c_JOGGING_BANDIT_BLACK_GREY_SD_01.jpg", "image": "60e7422c694f00c23defe52bc43f17db7fbd815c_JOGGING_BANDIT_BLACK_GREY_SD_01.jpg"}}, {"model": "products.product", "pk": 38, "fields": {"category": 4, "sku": "VENUM-03955-108", "name": "VENUM ARROW LOMA SIGNATURE COLLECTION JOGGERS - BLACK/WHITE", "description": "The Venum Arrow Jogging Pants are the exact pants worn on fight night where “LOMA” unified the WBC, WBA, WBO titles at the O2 Arena in London (Camo color).\r\n\r\nSoft and durable, they will allow you to combine style and comfort.\r\n\r\nThanks to their slim fit and detailed design, these sweatpants perfectly match a sporty look.\r\n\r\nThe cotton and elastane side bands give you a touch of style, the polyester / elastane mix ensure total comfort.\r\n\r\n\r\n\r\n\r\n\r\nThis model measures  190 cm, weighs 82 kg and wears a size M product. His chest measurement is 103 cm and his waist measurement is 83 cm.", "has_sizes": true, "price": "70.00", "rating": "3.80", "image_url": "https://euro.venum.com/media/catalog/product/cache/3d6373dfdbd8bf7042581a31874a0831/b/2/b270de0310c74aeddfee592bbfba9d6178d7fd65_JOGGING_ARROW_BLACK_WHITE_1500_01.jpg", "image": "b270de0310c74aeddfee592bbfba9d6178d7fd65_JOGGING_ARROW_BLACK_WHITE_1500_01.jpg"}}, {"model": "products.product", "pk": 39, "fields": {"category": 4, "sku": "VENUM-03955-498", "name": "VENUM ARROW LOMA SIGNATURE COLLECTION JOGGERS - DARK CAMO", "description": "The Venum Arrow Jogging Pants are the exact pants worn on fight night where “LOMA” unified the WBC, WBA, WBO titles at the O2 Arena in London (Camo color).\r\n\r\nSoft and durable, they will allow you to combine style and comfort.\r\n\r\nThanks to their slim fit and detailed design, these sweatpants perfectly match a sporty look.\r\n\r\nThe cotton and elastane side bands give you a touch of style, the polyester / elastane mix ensure total comfort.\r\n\r\n\r\n\r\n\r\n\r\nThis model measures  190 cm, weighs 82 kg and wears a size M product. His chest measurement is 103 cm and his waist measurement is 83 cm.", "has_sizes": true, "price": "70.00", "rating": "3.90", "image_url": "https://euro.venum.com/media/catalog/product/cache/3d6373dfdbd8bf7042581a31874a0831/5/a/5aa642b73dd83ea91b0a30f6c23f58d05f157fda_JOGGING_ARROW_DARKCAMO_1500_01.jpg", "image": "5aa642b73dd83ea91b0a30f6c23f58d05f157fda_JOGGING_ARROW_DARKCAMO_1500_01.jpg"}}, {"model": "products.product", "pk": 40, "fields": {"category": 4, "sku": "VENUM-03522-126", "name": "VENUM CLUB 182 JOGGERS - BLACK/GOLD", "description": "The Venum Club 182 joggers will give you a good thermal insulation to keep you cool and dry.\r\n\r\nThe Venum Club 182 joggers includes a system of adjustment around the size which delivers a perfect maintenance.\r\n\r\nA must-have product you can wear during for training mode or casual style. \r\n\r\n\r\n\r\n\r\n\r\nThis model measures  180 cm, weighs 72 kg and wears a size M product. His chest measurement is 96 cm and his waist measurement is 75 cm.", "has_sizes": true, "price": "39.00", "rating": "3.20", "image_url": "https://euro.venum.com/media/catalog/product/cache/3d6373dfdbd8bf7042581a31874a0831/1/d/1d00a3fa1079624040b02e821b3c44574b1a637c_JOGGINGS_CLUB182_BLACK_GOLD_SD_01.jpg", "image": "1d00a3fa1079624040b02e821b3c44574b1a637c_JOGGINGS_CLUB182_BLACK_GOLD_SD_01.jpg"}}, {"model": "products.product", "pk": 41, "fields": {"category": 4, "sku": "VENUM-03605-534", "name": "VENUM LASER EVO JOGGERS - KHAKI CAMO", "description": "Venum Laser Evo pants are the perfect companion to help you tackle the cold with style !\r\n\r\nThese Venum laser Evo joggers offer maximum comfort and insulation to keep you warm and dry.\r\n\r\nIts ingenious blend of materials will protect you from the cold and its magnificent design will deliver you the look 100% sport you are looking for.\r\n\r\nThe Laser Evo pants have an adjustment system around the waist that delivers a perfect fit.\r\n\r\nIt features functional pockets with zippers that will offer secure storage spaces for transporting small items.\r\n\r\nA compelling choice for both daily use and training !", "has_sizes": true, "price": "64.99", "rating": "3.50", "image_url": "https://euro.venum.com/media/catalog/product/cache/3d6373dfdbd8bf7042581a31874a0831/a/0/a0c07ea27e22082ee1d27eabec71e704834b1e05_JOGGING_LASER_EVO_KHAKI_CAMO_1500_01.jpg", "image": "a0c07ea27e22082ee1d27eabec71e704834b1e05_JOGGING_LASER_EVO_KHAKI_CAMO_1500_01.jpg"}}, {"model": "products.product", "pk": 42, "fields": {"category": 4, "sku": "VENUM-03605-126", "name": "VENUM LASER EVO JOGGERS - BLACK/GOLD", "description": "Venum Laser Evo pants are the perfect companion to help you tackle the cold with style !\r\n\r\nThese Venum laser Evo joggers offer maximum comfort and insulation to keep you warm and dry.\r\n\r\nIts ingenious blend of materials will protect you from the cold and its magnificent design will deliver you the look 100% sport you are looking for.\r\n\r\nThe Laser Evo pants have an adjustment system around the waist that delivers a perfect fit.\r\n\r\nIt features functional pockets with zippers that will offer secure storage spaces for transporting small items.\r\n\r\nA compelling choice for both daily use and training !", "has_sizes": true, "price": "64.99", "rating": "3.50", "image_url": "https://euro.venum.com/media/catalog/product/cache/3d6373dfdbd8bf7042581a31874a0831/8/3/83f6dba7f20c2b45ba505995999fbf26f9dbd04c_JOGGING_LASER_EVO_BLACK_GOLD_1500_01.jpg", "image": "83f6dba7f20c2b45ba505995999fbf26f9dbd04c_JOGGING_LASER_EVO_BLACK_GOLD_1500_01.jpg"}}, {"model": "products.product", "pk": 43, "fields": {"category": 4, "sku": "VENUM-03605-001", "name": "VENUM LASER EVO JOGGERS - BLACK", "description": "Venum Laser Evo pants are the perfect companion to help you tackle the cold with style !\r\n\r\nThese Venum laser Evo joggers offer maximum comfort and insulation to keep you warm and dry.\r\n\r\nIts ingenious blend of materials will protect you from the cold and its magnificent design will deliver you the look 100% sport you are looking for.\r\n\r\nThe Laser Evo pants have an adjustment system around the waist that delivers a perfect fit.\r\n\r\nIt features functional pockets with zippers that will offer secure storage spaces for transporting small items.\r\n\r\nA compelling choice for both daily use and training !", "has_sizes": true, "price": "64.99", "rating": "3.30", "image_url": "https://euro.venum.com/media/catalog/product/cache/3d6373dfdbd8bf7042581a31874a0831/7/b/7b3cf1fe4326b8aa2cac9a5e4e3e29278b8775b6_JOGGING_EVO_BLACK_1500_01.jpg", "image": "7b3cf1fe4326b8aa2cac9a5e4e3e29278b8775b6_JOGGING_EVO_BLACK_1500_01.jpg"}}, {"model": "products.product", "pk": 44, "fields": {"category": 5, "sku": "VENUM-03811-200", "name": "VENUM TROOPER BOMBER - KHAKI/BLACK", "description": "The Trooper bomber jacket is a light and comfortable jacket. Versatile, it complements both jeans and joggers. This jacket has two zipped side pockets as well as an internal pocket. The neoprene \"camouflage\" lining is extremely soft and brings a touch of originality that contrasts with the sober exterior of this Venum bomber.\r\n\r\n\r\n\r\n\r\n\r\nThis model measures  177 cm, weighs 80 kg and wears a size M product. His chest measurement is 96 cm and his waist measurement is 74 cm.", "has_sizes": true, "price": "100.00", "rating": "3.60", "image_url": "https://euro.venum.com/media/catalog/product/cache/3d6373dfdbd8bf7042581a31874a0831/2/6/2633dfd310eb79249c71c44da1a0c719a42fff7e_BOMBER_TROOPER_KHAKI_BLACK_01.jpg", "image": "2633dfd310eb79249c71c44da1a0c719a42fff7e_BOMBER_TROOPER_KHAKI_BLACK_01.jpg"}}, {"model": "products.product", "pk": 45, "fields": {"category": 5, "sku": "VENUM-03765-108", "name": "VENUM GIANT HOODY - BLACK/WHITE", "description": "The Venum Giant hoodie is an ultra comfortable hooded jacket with a fitted cut. Its brushed interior is extremely soft and provides optimal thermal insulation.\r\n\r\nThis sweatshirt has two zipped side pockets. It is associated with the Venum Giant jogging pants for a 100% fightwear look!", "has_sizes": true, "price": "55.00", "rating": "3.80", "image_url": "https://euro.venum.com/media/catalog/product/cache/3d6373dfdbd8bf7042581a31874a0831/c/a/ca75457325203d37c320cdbc05ed19e36c9da45b_HOODY_GIANT_ITS_BLACK_WHITE_SD_01.jpg", "image": "ca75457325203d37c320cdbc05ed19e36c9da45b_HOODY_GIANT_ITS_BLACK_WHITE_SD_01.jpg"}}, {"model": "products.product", "pk": 46, "fields": {"category": 5, "sku": "VENUM-03938-109", "name": "VENUM BANDIT SWEATSHIRT - BLACK/GREY", "description": "The Bandit collection speaks to the DNA of our brand: a cutting-edge and original design paying respect to the brand's origins.\r\n\r\n\r\n\r\nThe Bandit Jacket is the perfect example: its slim fitting cut and its urban sporty look makes it a must have for any fans of the brand. Comfortable and durable, it will go perfectly with jeans for a street ready look.\r\n\r\n\r\n\r\nVenum purists might prefer the 100% fightwear look by wearing it with the Bandit joggers!\r\n\r\n\r\n\r\n\r\n\r\nThis model measures  180 cm, weighs 75 kg and wears a size M product. His chest measurement is 99 cm and his waist measurement is 78 cm.", "has_sizes": true, "price": "89.99", "rating": "3.90", "image_url": "https://euro.venum.com/media/catalog/product/cache/3d6373dfdbd8bf7042581a31874a0831/f/d/fd869418b2366e28e459ccb18cae97eae0e19107_TRACK_JACKETS_BANDIT_BLACK_GREY_SD_01__1_.jpg", "image": "fd869418b2366e28e459ccb18cae97eae0e19107_TRACK_JACKETS_BANDIT_BLACK_GREY_SD_01__1_.jpg"}}, {"model": "products.product", "pk": 47, "fields": {"category": 5, "sku": "VENUM-03945-405", "name": "VENUM ORIGINS HOODIE LOMA EDITION BLUE/YELLOW", "description": "Designed not to go unnoticed, this Venum Origins sweatshirt from the “LOMA” signature collection has an ultra modern and sporty look, as well as a fitted cut.\r\n\r\nThe selected materials are suitable for training or use in the every day.\r\n\r\nThe Loma Origins jacket has an adjustable hood with drawstrings as well as waterproof zipped pockets on the left sleeve and on the chest, which allow you to keep your valuables safe, even in bad weather.\r\n\r\nThe Loma Origins jacket can be worn with the matching pants to complete the set.", "has_sizes": true, "price": "89.99", "rating": "3.10", "image_url": "https://euro.venum.com/media/catalog/product/cache/3d6373dfdbd8bf7042581a31874a0831/e/f/ef58413abe3193786a0ad11b269b1f595bfc744c_HOODIE_ORIGINS_BLUE_YELLOW_1500_01.jpg", "image": "ef58413abe3193786a0ad11b269b1f595bfc744c_HOODIE_ORIGINS_BLUE_YELLOW_1500_01.jpg"}}, {"model": "products.product", "pk": 48, "fields": {"category": 5, "sku": "VENUM-03834-108", "name": "VENUM ART BOMBER - BLACK/WHITE €124.99", "description": "With military origins, the Venum Art bomber jacket is made of 100% Polyester both inside and the outer lining, guaranteeing you a light and practical jacket whatever the weather.\r\n\r\nThe Venum Art bomber jacket has three front zip pockets. It also includes a utility pocket on the sleeve.\r\n\r\nThe color of the Venum Art bomber jacket is highlighted by a bright red patterned inner lining that offers an ultra modern look.\r\n\r\nThe seams on the entire jacket have been reinforced for increased durability.\r\n\r\nThe Art bomber jacket also features a Venum logo on the chest.\r\n\r\nThis bomber jacket can be worn with jeans as well as with a jogging bottoms - your call.", "has_sizes": true, "price": "124.99", "rating": "4.50", "image_url": "https://euro.venum.com/media/catalog/product/cache/3d6373dfdbd8bf7042581a31874a0831/d/7/d737e4637cd97656e4f1b454cfd533cce4569d21_BOMBERS_ART_BLACK_WHITE_SD_01.jpg", "image": "d737e4637cd97656e4f1b454cfd533cce4569d21_BOMBERS_ART_BLACK_WHITE_SD_01.jpg"}}, {"model": "products.product", "pk": 49, "fields": {"category": 5, "sku": "VENUM-03954-498", "name": "VENUM ARROW LOMA SIGNATURE COLLECTION HOODIE - DARK CAMO", "description": "The Venum Arrow Camo Sweatshirt is part of the outfit worn by champion Vasyl Lomachenko during the unification of the WBC, WBA, WBO titles at the O2 Arena in London.\r\n\r\nIts sporty and urban design can accompany you during your daily activities, and can also be used during your training sessions.\r\n\r\nThis sweatshirt has a \"fitted\" cut.\r\n\r\nThe Loma touch is present thanks to the embroidered inscriptions on the hood and the presence of the Loma logo, detailed and with shimmering reflections.", "has_sizes": true, "price": "89.99", "rating": "4.20", "image_url": "https://euro.venum.com/media/catalog/product/cache/3d6373dfdbd8bf7042581a31874a0831/7/2/728ed38cd99b1157e6fafeddd7a2a793cc1c26a6_HOODIE_ARROW_DARKCAMO_1500_02__1_.jpg", "image": "728ed38cd99b1157e6fafeddd7a2a793cc1c26a6_HOODIE_ARROW_DARKCAMO_1500_02__1_.jpg"}}, {"model": "products.product", "pk": 50, "fields": {"category": 5, "sku": "VENUM-03601-534", "name": "VENUM LASER EVO HOODIE - KHAKI CAMO", "description": "The EVO Laser Sweatshirt has a slim fit design to guarantee a clean and modern look.\r\n\r\nKeeping you warm thanks to its perfect combination of cotton and polyester, offering excellent insulation and optimal body heat management.\r\n\r\nThis sweatshirt features an adjustable hood with rubber-tipped drawstrings and nylon inserts at the shoulders to ensure a perfect fit. Equipped with waterproof zipped pockets, small items will be kept safely at your fingertips and protected from the elements.\r\n\r\nThe Laser EVO sweatshirt will be a long-lasting addition to your wardrobe thanks to its reinforced seams, thermo-glued graphic design, and diagonally reinforced zipper.", "has_sizes": true, "price": "85.00", "rating": "4.20", "image_url": "https://euro.venum.com/media/catalog/product/cache/3d6373dfdbd8bf7042581a31874a0831/9/5/95fe284d4ce5328d794053ee65d373de1aa12d54_HOODIES_EVO_KHAKI_CAMO_1500_01.jpg", "image": "95fe284d4ce5328d794053ee65d373de1aa12d54_HOODIES_EVO_KHAKI_CAMO_1500_01.jpg"}}, {"model": "products.product", "pk": 51, "fields": {"category": 6, "sku": "VENUM-03540-053", "name": "VENUM CONTENDER 2.0 BOXING GLOVES - WHITE/CAMO", "description": "The Contender 2.0 boxing gloves have been completely redesigned in comparison to the previous version. More durable, the Contender 2.0 boxing gloves also provide more protection than the 1.0 edition. The shock absorption is ensured by a high density injected foam while the attached thumb and the wide cuff guarantee the protection of the thumb and wrist. The shape of the glove has also been completely revised to provide a more secure and comfortable hand position.\r\n\r\n\r\n\r\nIdeal for regular boxing, Muay Thai and kickboxing, these gloves are perfectly suited for moderate intensity training", "has_sizes": false, "price": "44.99", "rating": "4.20", "image_url": "https://euro.venum.com/media/catalog/product/cache/3d6373dfdbd8bf7042581a31874a0831/5/1/515e351577c349986b58bc28f4991edc258daada_5J5A9009.jpg", "image": "515e351577c349986b58bc28f4991edc258daada_5J5A9009.jpg"}}, {"model": "products.product", "pk": 52, "fields": {"category": 6, "sku": "VENUM-03540-100", "name": "VENUM CONTENDER 2.0 BOXING GLOVES - BLACK/RED", "description": "The Contender 2.0 boxing gloves have been completely redesigned in comparison to the previous version. More durable, the Contender 2.0 boxing gloves also provide more protection than the 1.0 edition. The shock absorption is ensured by a high density injected foam while the attached thumb and the wide cuff guarantee the protection of the thumb and wrist. The shape of the glove has also been completely revised to provide a more secure and comfortable hand position.", "has_sizes": false, "price": "44.99", "rating": "4.40", "image_url": "https://euro.venum.com/media/catalog/product/cache/3d6373dfdbd8bf7042581a31874a0831/f/d/fda69264faf19be186a55e45c58dad757bc1fe91_5J5A8983.jpg", "image": "fda69264faf19be186a55e45c58dad757bc1fe91_5J5A8983.jpg"}}, {"model": "products.product", "pk": 53, "fields": {"category": 6, "sku": "VENUM-03540-534", "name": "VENUM CONTENDER 2.0 BOXING GLOVES - KHAKI/CAMO", "description": "The Contender 2.0 boxing gloves have been completely redesigned in comparison to the previous version. More durable, the Contender 2.0 boxing gloves also provide more protection than the 1.0 edition. The shock absorption is ensured by a high density injected foam while the attached thumb and the wide cuff guarantee the protection of the thumb and wrist. The shape of the glove has also been completely revised to provide a more secure and comfortable hand position.", "has_sizes": false, "price": "44.99", "rating": "4.40", "image_url": "https://euro.venum.com/media/catalog/product/cache/3d6373dfdbd8bf7042581a31874a0831/c/8/c8ea496c0f17fd9a198ccddee15f6b327171c737_5J5A8992.jpg", "image": "c8ea496c0f17fd9a198ccddee15f6b327171c737_5J5A8992.jpg"}}, {"model": "products.product", "pk": 54, "fields": {"category": 6, "sku": "VENUM-03540-450", "name": "VENUM CONTENDER 2.0 BOXING GLOVES - NAVY/SAND", "description": "The Contender 2.0 boxing gloves have been completely redesigned in comparison to the previous version. More durable, the Contender 2.0 boxing gloves also provide more protection than the 1.0 edition. The shock absorption is ensured by a high density injected foam while the attached thumb and the wide cuff guarantee the protection of the thumb and wrist. The shape of the glove has also been completely revised to provide a more secure and comfortable hand position.", "has_sizes": false, "price": "44.99", "rating": "4.80", "image_url": "https://euro.venum.com/media/catalog/product/cache/3d6373dfdbd8bf7042581a31874a0831/3/2/32822a35d21cebbb5c7c32d4145fb73b8b3fc7f7_5J5A8971.jpg", "image": "32822a35d21cebbb5c7c32d4145fb73b8b3fc7f7_5J5A8971.jpg"}}, {"model": "products.product", "pk": 55, "fields": {"category": 6, "sku": "VENUM-04035-001", "name": "VENUM SKULL BOXING GLOVES - BLACK", "description": "Skull boxing gloves are derived from the Venum Impact range. Therefore, they incorporate similar characteristics. A very absorbent glove, offering comfort and protection. It is suitable for very regular use and heavy training sessions.", "has_sizes": false, "price": "79.99", "rating": "3.90", "image_url": "https://euro.venum.com/media/catalog/product/cache/3d6373dfdbd8bf7042581a31874a0831/c/5/c54801b4d4544c299abb61162b56d244c553c13e_BG_SKULL_BLACK_SD_01.jpg", "image": "c54801b4d4544c299abb61162b56d244c553c13e_BG_SKULL_BLACK_SD_01.jpg"}}, {"model": "products.product", "pk": 56, "fields": {"category": 6, "sku": "VENUM-1392-537", "name": "VENUM ELITE BOXING GLOVES - BLACK/PINK GOLD", "description": "The Elite range has been the brand's biggest success for many years. Its price to quality ratio is simply unbeatable. No other brand on the market offers a product of this quality at this price point. Our camouflage styles and colorways are some of our most popular of the brand, and now we’re bringing it to the Elites.", "has_sizes": false, "price": "84.98", "rating": "3.30", "image_url": "https://euro.venum.com/media/catalog/product/cache/3d6373dfdbd8bf7042581a31874a0831/4/e/4ed670e7633740c5da5970a0353f16c1a5e93088_BG_ELITE_3.0_BLACK_PINK_1500_01.jpg", "image": "4ed670e7633740c5da5970a0353f16c1a5e93088_BG_ELITE_3.0_BLACK_PINK_1500_01.jpg"}}, {"model": "products.product", "pk": 57, "fields": {"category": 6, "sku": "VENUM-1392-053", "name": "VENUM ELITE BOXING GLOVES - WHITE/CAMO", "description": "The Elite range has been the brand's biggest success for many years. Its price to quality ratio is simply unbeatable. No other brand on the market offers a product of this quality at this price point. Our camouflage styles and colorways are some of our most popular of the brand, and now we’re bringing it to the Elites.", "has_sizes": false, "price": "84.98", "rating": "4.40", "image_url": "https://euro.venum.com/media/catalog/product/cache/3d6373dfdbd8bf7042581a31874a0831/0/9/09685f9e115b860a1467a88200ac6a5b449098d5_BG_ELITE_3.0_WHITE_BLACK_1500_00.jpg", "image": "09685f9e115b860a1467a88200ac6a5b449098d5_BG_ELITE_3.0_WHITE_BLACK_1500_00.jpg"}}, {"model": "products.product", "pk": 58, "fields": {"category": 7, "sku": "VENUM-1239-100", "name": "VENUM KONTACT EVO SHIN GUARDS - BLACK/RED", "description": "The Venum \"Kontact Evo\" shin guards have been engineered to flex and form naturally with the motion of your shin and your instep in order to provide the ultimate anatomical protection.\r\nTheir flexible hinge - with elastic straps - fits comfortably to anyone of your positions and leg shapes delivering a secure maintain during intense action and enhanced mobility. Contouring your leg the Venum \"Kontact Evo\" shin guards acts as a second strong layer of skin, making them ultra versatile and adapted to wide range of combat sports: MMA, Muay Thai, Kick Boxing, Karate, Taekwondo …\r\nBenefiting from a low-profile construction, the Venum \"Kontact Evo\" shin guards are designed with reinforced foam strategically placed, from your instep to the top of your shin. Delivering an optimal shield of your striking surface, the Venum \"Kontact Evo\" shin guards ensure superior protection during attack or defense phases.\r\nOpen areas and mesh panels have been designed in order to facilitate the sweat escape and accelerate your body thermoregulation.\r\nFeaturing 3D embossed grip, the Venum \"Kontact Evo\" shin guards will help you to increase your takedown and sprawl techniques with unmatched mat traction. More stable, you will be able to deploy all your power with strong and dynamic kicks.", "has_sizes": false, "price": "65.98", "rating": "3.30", "image_url": "https://euro.venum.com/media/catalog/product/cache/3d6373dfdbd8bf7042581a31874a0831/6/3/63e1c65affe42aedcadf08785f0bbaab072bfc48_SHINGUARDS_KONTACT_EVO_BLACK_RED_1500_01__1_.jpg", "image": "63e1c65affe42aedcadf08785f0bbaab072bfc48_SHINGUARDS_KONTACT_EVO_BLACK_RED_1500_01__1_.jpg"}}, {"model": "products.product", "pk": 59, "fields": {"category": 7, "sku": "VENUM-1239-126", "name": "VENUM KONTACT EVO SHIN GUARDS - BLACK/GOLD", "description": "The Venum \"Kontact Evo\" shin guards have been engineered to flex and form naturally with the motion of your shin and your instep in order to provide the ultimate anatomical protection.\r\nTheir flexible hinge - with elastic straps - fits comfortably to anyone of your positions and leg shapes delivering a secure maintain during intense action and enhanced mobility. Contouring your leg the Venum \"Kontact Evo\" shin guards acts as a second strong layer of skin, making them ultra versatile and adapted to wide range of combat sports: MMA, Muay Thai, Kick Boxing, Karate, Taekwondo …\r\nBenefiting from a low-profile construction, the Venum \"Kontact Evo\" shin guards are designed with reinforced foam strategically placed, from your instep to the top of your shin. Delivering an optimal shield of your striking surface, the Venum \"Kontact Evo\" shin guards ensure superior protection during attack or defense phases.", "has_sizes": false, "price": "65.98", "rating": "3.60", "image_url": "https://euro.venum.com/media/catalog/product/cache/3d6373dfdbd8bf7042581a31874a0831/8/1/81d374b530d707c6aace3405f278452c50e3b11e_SHINGUARDS_KONTACT_EVO_BLACK_GOLD_1500_01__1_.jpg", "image": "81d374b530d707c6aace3405f278452c50e3b11e_SHINGUARDS_KONTACT_EVO_BLACK_GOLD_1500_01__1_.jpg"}}, {"model": "products.product", "pk": 60, "fields": {"category": 7, "sku": "VENUM-1239-230", "name": "VENUM KONTACT EVO SHIN GUARDS - KHAKI/GOLD", "description": "The Venum \"Kontact Evo\" shin guards have been engineered to flex and form naturally with the motion of your shin and your instep in order to provide the ultimate anatomical protection.\r\nTheir flexible hinge - with elastic straps - fits comfortably to anyone of your positions and leg shapes delivering a secure maintain during intense action and enhanced mobility. Contouring your leg the Venum \"Kontact Evo\" shin guards acts as a second strong layer of skin, making them ultra versatile and adapted to wide range of combat sports: MMA, Muay Thai, Kick Boxing, Karate, Taekwondo.", "has_sizes": false, "price": "65.98", "rating": "3.90", "image_url": "https://euro.venum.com/media/catalog/product/cache/3d6373dfdbd8bf7042581a31874a0831/0/7/0759f55e7803bfc76ecc8ed4fcecdbd25d2381aa_SHINGUARDS_KONTACT_EVO_KHAKI_GOLD_1500_01__2_.jpg", "image": "0759f55e7803bfc76ecc8ed4fcecdbd25d2381aa_SHINGUARDS_KONTACT_EVO_KHAKI_GOLD_1500_01__2_.jpg"}}, {"model": "products.product", "pk": 61, "fields": {"category": 7, "sku": "VENUM-04051-053", "name": "VENUM CONTENDER 2.0 SHIN GUARDS - WHITE/CAMO", "description": "Shin guards are essential equipment for all Kick-Boxing, Muay-Thai and MMA practitioners.\r\n\r\n\r\n\r\nContender 2.0 shin guards have been designed to fully protect shins and feet during medium intensity training several times a week.", "has_sizes": false, "price": "59.99", "rating": "4.70", "image_url": "https://euro.venum.com/media/catalog/product/cache/3d6373dfdbd8bf7042581a31874a0831/c/b/cb010185d18df624b3beb4c7dfd4c309952d51d7_5J5A9095.jpg", "image": "cb010185d18df624b3beb4c7dfd4c309952d51d7_5J5A9095.webp"}}, {"model": "products.product", "pk": 62, "fields": {"category": 7, "sku": "VENUM-04051-100", "name": "VENUM CONTENDER 2.0 SHIN GUARDS - BLACK/RED", "description": "Shin guards are essential equipment for all Kick-Boxing, Muay-Thai and MMA practitioners.\r\n\r\n\r\n\r\nContender 2.0 shin guards have been designed to fully protect shins and feet during medium intensity training several times a week.", "has_sizes": false, "price": "59.99", "rating": "4.20", "image_url": "https://euro.venum.com/media/catalog/product/cache/3d6373dfdbd8bf7042581a31874a0831/b/4/b45dba39beb52964ecb2d1ad87f28e69ed459681_5J5A9083.jpg", "image": "b45dba39beb52964ecb2d1ad87f28e69ed459681_5J5A9083.webp"}}, {"model": "products.product", "pk": 63, "fields": {"category": 7, "sku": "VENUM-04051-534", "name": "VENUM CONTENDER 2.0 SHIN GUARDS - KHAKI CAMO", "description": "Shin guards are essential equipment for all Kick-Boxing, Muay-Thai and MMA practitioners.\r\n\r\n\r\n\r\nContender 2.0 shin guards have been designed to fully protect shins and feet during medium intensity training several times a week.", "has_sizes": false, "price": "59.99", "rating": "4.50", "image_url": "https://euro.venum.com/media/catalog/product/cache/3d6373dfdbd8bf7042581a31874a0831/e/1/e1e33b2703580269644d546bcaaea7073e2a254d_5J5A9088.jpg", "image": "e1e33b2703580269644d546bcaaea7073e2a254d_5J5A9088.jpg"}}, {"model": "products.product", "pk": 64, "fields": {"category": 7, "sku": "VENUM-04051-450", "name": "VENUM CONTENDER 2.0 SHIN GUARDS - NAVY/SAND", "description": "Shin guards are essential equipment for all Kick-Boxing, Muay-Thai and MMA practitioners.\r\n\r\n\r\n\r\nContender 2.0 shin guards have been designed to fully protect shins and feet during medium intensity training several times a week.", "has_sizes": false, "price": "59.99", "rating": "4.10", "image_url": "https://euro.venum.com/media/catalog/product/cache/3d6373dfdbd8bf7042581a31874a0831/e/0/e0654c2baa97aa7b947e0e7945f57df21bd1bdcd_5J5A9077.jpg", "image": "e0654c2baa97aa7b947e0e7945f57df21bd1bdcd_5J5A9077.jpg"}}, {"model": "products.product", "pk": 65, "fields": {"category": 8, "sku": "ENUM-0616-539", "name": "VENUM CHALLENGER MOUTHGUARD - BLACK/KHAKI", "description": "Wherever there is intense training comes the need for intense protection.\r\n\r\n\r\nOur Venum \"Challenger\" mouthguard is new and improved to provide you a perfect custom fit all while keeping you safe and making sure everything in your mouth stays in place.", "has_sizes": false, "price": "14.99", "rating": "4.20", "image_url": "https://euro.venum.com/media/catalog/product/cache/3d6373dfdbd8bf7042581a31874a0831/f/b/fb3b42b5ebfbf54166ae639cc166ec9ab69ff324_MOUTHGUARDS_CHALLENGER_BLACK_KHAKI_SD_01.jpg", "image": "fb3b42b5ebfbf54166ae639cc166ec9ab69ff324_MOUTHGUARDS_CHALLENGER_BLACK_KHAKI_SD_01.jpg"}}, {"model": "products.product", "pk": 66, "fields": {"category": 8, "sku": "VENUM-0621-539", "name": "VENUM PREDATOR MOUTHGUARD - BLACK/KHAKI", "description": "The Venum Predator Mouthguard provides a perfect combination of unbelievable comfort, flexibility, and shock absorption.\r\n\r\nThe perfect low profile design and advanced Nextfit Gel Frame that molds to your teeth is not only a perfect and comfortable custom fit, but also allows better breathability during training.\r\n\r\nIts dual-core design made with a high density rubber frame, the Venum Predator Mouthguard aligns to your jaw, ensuring better absorption with every impact. \r\n\r\nOnce shock is absorbed it is evenly disperses onto the stronger areas of your teeth keeping your perfectly healthy mouth intact.", "has_sizes": false, "price": "21.98", "rating": "3.30", "image_url": "https://euro.venum.com/media/catalog/product/cache/3d6373dfdbd8bf7042581a31874a0831/8/0/8004b3ee1d45cd525589ee62454676f88ea312bf_MOUTHGUARDS_PREDATOR_BLACK_KHAKI_SD_01.jpg", "image": "8004b3ee1d45cd525589ee62454676f88ea312bf_MOUTHGUARDS_PREDATOR_BLACK_KHAKI_SD_01.jpg"}}, {"model": "products.product", "pk": 67, "fields": {"category": 8, "sku": "VENUM-0621-200", "name": "VENUM PREDATOR MOUTHGUARD - KHAKI/BLACK", "description": "The Venum Predator Mouthguard provides a perfect combination of unbelievable comfort, flexibility, and shock absorption.\r\n\r\nThe perfect low profile design and advanced Nextfit Gel Frame that molds to your teeth is not only a perfect and comfortable custom fit, but also allows better breathability during training.\r\n\r\nIts dual-core design made with a high density rubber frame, the Venum Predator Mouthguard aligns to your jaw, ensuring better absorption with every impact.", "has_sizes": false, "price": "21.98", "rating": "2.60", "image_url": "https://euro.venum.com/media/catalog/product/cache/3d6373dfdbd8bf7042581a31874a0831/7/0/70f0e7867013cc0fd328a56912019bf6b1ac4058_MOUTHGUARDS_PREDATOR_KHAKI_BLACK_SD_01.jpg", "image": "70f0e7867013cc0fd328a56912019bf6b1ac4058_MOUTHGUARDS_PREDATOR_KHAKI_BLACK_SD_01.jpg"}}, {"model": "products.product", "pk": 68, "fields": {"category": 8, "sku": "VENUM-0616-200", "name": "VENUM CHALLENGER MOUTHGUARD - KHAKI/BLACK", "description": "Wherever there is intense training comes the need for intense protection.\r\n\r\n\r\nOur Venum \"Challenger\" mouthguard is new and improved to provide you a perfect custom fit all while keeping you safe and making sure everything in your mouth stays in place.\r\n\r\n\r\nThe custom fit design helps prevent any injury and enhances your performance.", "has_sizes": false, "price": "14.99", "rating": "2.40", "image_url": "https://euro.venum.com/media/catalog/product/cache/3d6373dfdbd8bf7042581a31874a0831/d/a/da0d79289c4be605921a0c7feabc09514e993ca6_MOUTHGUARDS_CHALLENGER_KHAKI_BLACK_SD_01.jpg", "image": "da0d79289c4be605921a0c7feabc09514e993ca6_MOUTHGUARDS_CHALLENGER_KHAKI_BLACK_SD_01.jpg"}}, {"model": "products.product", "pk": 69, "fields": {"category": 8, "sku": "EU-VENUM-2047-Cyan/Black", "name": "VENUM CHALLENGER MOUTHGUARD - CYAN/BLACK", "description": "Wherever there is intense training comes the need for intense protection.\r\nOur Venum \"Challenger\" mouthguard is new and improved to provide you a perfect custom fit all while keeping you safe and making sure everything in your mouth stays in place.\r\n\r\nThe custom fit design helps prevent any injury and enhances your performance.\r\n\r\nThe lower rubber frame, absorbs the shock when you bite and diffuses it in the direction of your strongest teeth.", "has_sizes": false, "price": "14.99", "rating": "4.20", "image_url": "https://euro.venum.com/media/catalog/product/cache/3d6373dfdbd8bf7042581a31874a0831/0/1/01c8b349fe30c0f512d10ee5a16e7341bda1e06a_MOUTHGUARD_CHALLENGER_CYAN_BLACK_HD_01.jpg", "image": "01c8b349fe30c0f512d10ee5a16e7341bda1e06a_MOUTHGUARD_CHALLENGER_CYAN_BLACK_HD_01.jpg"}}, {"model": "products.product", "pk": 70, "fields": {"category": 8, "sku": "EU-VENUM-0621", "name": "VENUM PREDATOR MOUTHGUARD - BLACK/WHITE", "description": "The Venum Predator Mouthguard provides a perfect combination of unbelievable comfort, flexibility, and shock absorption.\r\n\r\nThe perfect low profile design and advanced Nextfit Gel Frame that molds to your teeth is not only a perfect and comfortable custom fit, but also allows better breathability during training.", "has_sizes": false, "price": "21.98", "rating": "4.20", "image_url": "https://euro.venum.com/media/catalog/product/cache/3d6373dfdbd8bf7042581a31874a0831/6/9/6998e89b26590ec2e8b3660d850842dda91bfcec_MOUTHGARD_PREDATOR_BLACK_WHITE_SD_02.jpg", "image": "6998e89b26590ec2e8b3660d850842dda91bfcec_MOUTHGARD_PREDATOR_BLACK_WHITE_SD_02.jpg"}}, {"model": "products.product", "pk": 71, "fields": {"category": 8, "sku": "EU-VENUM-0618", "name": "VENUM CHALLENGER MOUTHGUARD - BLACK/ICE", "description": "Wherever there is intense training comes the need for intense protection.\r\n\r\nOur Venum \"Challenger\" mouthguard is new and improved to provide you a perfect custom fit all while keeping you safe and making sure everything in your mouth stays in place.", "has_sizes": false, "price": "14.99", "rating": "4.60", "image_url": "https://euro.venum.com/media/catalog/product/cache/3d6373dfdbd8bf7042581a31874a0831/e/e/eecc6ab7154974a01d03a788e0e1c4921e3d896c_MOUTHGARD_CHALLENGER_BLACK_WHITE_SD_01__1_.jpg", "image": "eecc6ab7154974a01d03a788e0e1c4921e3d896c_MOUTHGARD_CHALLENGER_BLACK_WHITE_SD_01__1_.jpg"}}, {"model": "products.product", "pk": 72, "fields": {"category": 9, "sku": "VENUM-1395-537", "name": "VENUM ELITE BOXING HEADGEAR - BLACK/PINK GOLD €84.98", "description": "The Elite Headgear has been a success since its launch. Over the years it has undergone several improvements (padding, shape, design). This \"camo\" version completes the rest of the \"Elite Camo\" range, which also includes boxing gloves and shin guards.\r\n\r\n\r\n\r\nThe headgear boasts incredible lightness, excellent visibility and very good absorption of blows.", "has_sizes": false, "price": "84.98", "rating": "3.30", "image_url": "https://euro.venum.com/media/catalog/product/cache/3d6373dfdbd8bf7042581a31874a0831/d/2/d2542338c394fd1dfa3e059f2d75ffbee775eb94_HEADGEAR_ELITE_BLACK_PINK_GOLD_1500_01.jpg", "image": "d2542338c394fd1dfa3e059f2d75ffbee775eb94_HEADGEAR_ELITE_BLACK_PINK_GOLD_1500_01.jpg"}}, {"model": "products.product", "pk": 73, "fields": {"category": 9, "sku": "VENUM-1395-534", "name": "VENUM ELITE BOXING HEADGEAR - KHAKI CAMO €84.98", "description": "The Elite Headgear has been a success since its launch. Over the years it has undergone several improvements (padding, shape, design). This \"camo\" version completes the rest of the \"Elite Camo\" range, which also includes boxing gloves and shin guards.", "has_sizes": false, "price": "84.98", "rating": "4.20", "image_url": "https://euro.venum.com/media/catalog/product/cache/3d6373dfdbd8bf7042581a31874a0831/c/7/c7bc26375f746cae6b7a2bf972898ea3e7cc526b_HEADGEAR_ELITE_KHAKI_CAMO_1500_01.jpg", "image": "c7bc26375f746cae6b7a2bf972898ea3e7cc526b_HEADGEAR_ELITE_KHAKI_CAMO_1500_01.jpg"}}, {"model": "products.product", "pk": 74, "fields": {"category": 9, "sku": "VENUM-1395-499", "name": "VENUM ELITE BOXING HEADGEAR - RED CAMO €84.98", "description": "The Elite Headgear has been a success since its launch. Over the years it has undergone several improvements (padding, shape, design). This \"camo\" version completes the rest of the \"Elite Camo\" range, which also includes boxing gloves and shin guards.", "has_sizes": false, "price": "84.98", "rating": "4.50", "image_url": "https://euro.venum.com/media/catalog/product/cache/3d6373dfdbd8bf7042581a31874a0831/8/5/85dc10c28349bed97283230531a8756356bd1c5d_HEADGEAR_ELITE_RED_CAMO_1500_01.jpg", "image": "85dc10c28349bed97283230531a8756356bd1c5d_HEADGEAR_ELITE_RED_CAMO_1500_01.jpg"}}, {"model": "products.product", "pk": 75, "fields": {"category": 9, "sku": "VENUM-03918-200", "name": "VENUM PRO BOXING HEADGEAR LINARES EDITION - KHAKI/BLACK/GOLD", "description": "A high-end helmet for use in intense professional-level boxing sparring.\r\n\r\nThis pro-boxing helmet is lightweight but provides maximum protection to assist avoiding any potentially heavy blows to the head.The cheekbone coverage is both ergonomic and comprehensive.\r\n\r\nFully adjustable fit the top and rear of the helmet.\r\n\r\nArgentinian leather provides durability and longevity to the helmet.\r\n\r\nWorn as a stand alone item or alongside our new Linares line, inclusive of: shoes, gloves and professional protective cup.", "has_sizes": false, "price": "179.99", "rating": "4.20", "image_url": "https://euro.venum.com/media/catalog/product/cache/3d6373dfdbd8bf7042581a31874a0831/H/E/HEADGEAR_CHEEK_LINARES_KHAKI_BLACK_GOLD_1500_01.jpg", "image": "HEADGEAR_CHEEK_LINARES_KHAKI_BLACK_GOLD_1500_01.jpg"}}, {"model": "products.product", "pk": 76, "fields": {"category": 9, "sku": "VENUM-03918-201", "name": "VENUM ELITE HEADGEAR - WHITE/NAVY BLUE €79.99", "description": "Our Venum Elite headgear is the perfect protection for your head.\r\n\r\nTo provide the highest quality protection, the Elite headgear is built with semi leather to provide comfort during expected intense blows to the head training after training.\r\n\r\nWell-known for its durability, the Elite headgear features a triple density foam for better shock control and absorption.\r\n\r\nThe head and face coverage was designed in order to combine full cranial protection while keeping a 180-degree view of your next opponent.", "has_sizes": false, "price": "79.99", "rating": "3.60", "image_url": "https://euro.venum.com/media/catalog/product/cache/3d6373dfdbd8bf7042581a31874a0831/1/3/13cc90c73cb1685375c57aea29f7c654ee1a96ae_headgear_elite_navyblue_white_1500_02.jpg", "image": "13cc90c73cb1685375c57aea29f7c654ee1a96ae_headgear_elite_navyblue_white_1500_02.jpg"}}, {"model": "products.product", "pk": 77, "fields": {"category": 9, "sku": "VENUM-ABC69-659", "name": "VENUM ELITE HEADGEAR-WHITE/GOLD €79.99", "description": "Our Venum Elite headgear is the perfect protection for your head.\r\n\r\nTo provide the highest quality protection, the Elite headgear is built with semi leather to provide comfort during expected intense blows to the head training after training.\r\n\r\nWell-known for its durability, the Elite headgear features a triple density foam for better shock control and absorption.\r\n\r\nThe head and face coverage was designed in order to combine full cranial protection while keeping a 180-degree view of your next opponent.", "has_sizes": false, "price": "79.99", "rating": "3.90", "image_url": "https://euro.venum.com/media/catalog/product/cache/3d6373dfdbd8bf7042581a31874a0831/9/2/92e6b5d9d03e8b9d51becc8504d644a8bb775e41_headgear_elite_white_gold_1500_02.jpg", "image": "92e6b5d9d03e8b9d51becc8504d644a8bb775e41_headgear_elite_white_gold_1500_02.jpg"}}, {"model": "products.product", "pk": 78, "fields": {"category": 9, "sku": "VENUM-11888-188", "name": "VENUM ELITE HEADGEAR - KAKI/BLACK", "description": "Our Venum Elite headgear is the perfect protection for your head.\r\n\r\nTo provide the highest quality protection, the Elite headgear is built with semi leather to provide comfort during expected intense blows to the head training after training.", "has_sizes": false, "price": "79.99", "rating": "3.10", "image_url": "https://euro.venum.com/media/catalog/product/cache/3d6373dfdbd8bf7042581a31874a0831/3/d/3d49a1de00060fead56224464c4f9d192e4e35ec_headgear_elite_khaki_black_1500_02.jpg", "image": "3d49a1de00060fead56224464c4f9d192e4e35ec_headgear_elite_khaki_black_1500_02.jpg"}}, {"model": "products.product", "pk": 79, "fields": {"category": 10, "sku": "VENUM-03832-108", "name": "VENUM CHALLENGER PRO EVO BACKPACK - BLACK/WHITE", "description": "The Venum Challenger Pro Evo Backpack is made up of 3 compartments to ensure ergonomic storage of your belongings.\r\n\r\nThis bag is suitable for accompanying you to the gym as well as the city.\r\n\r\nFor combat sports practitioners, it has sufficient storage capacity to carry your gloves as well as your accessories.\r\n\r\nIts external side pockets provide additional storage for smaller items such as a tape, or a mouth guard.", "has_sizes": false, "price": "64.99", "rating": "3.30", "image_url": "https://euro.venum.com/media/catalog/product/cache/3d6373dfdbd8bf7042581a31874a0831/B/A/BAGS_CHALLENGER_PRO_EVO_BACKPACK_BLACK_WHITE_SD_01.jpg", "image": "BAGS_CHALLENGER_PRO_EVO_BACKPACK_BLACK_WHITE_SD_01.jpg"}}, {"model": "products.product", "pk": 80, "fields": {"category": 10, "sku": "VENUM-03927-203", "name": "VENUM RIO SPORTS BAG", "description": "It can be worn over the shoulder or carried by hand. It is robust and will accompany you for years thanks to a construction mixing Pearl Wave cotton (the same used on Jiu Jitsu Gi) and a waterproof PU on the lower section.\r\n\r\n\r\n\r\nIt also has several metal eyelets to allow its ventilation.", "has_sizes": false, "price": "49.99", "rating": "4.60", "image_url": "https://euro.venum.com/media/catalog/product/cache/3d6373dfdbd8bf7042581a31874a0831/a/1/a146fad4b18a4cf78087ab40d471f5e27d3555cc_DUFFLEBAGS_GI_GREY_SD_01.jpg", "image": "a146fad4b18a4cf78087ab40d471f5e27d3555cc_DUFFLEBAGS_GI_GREY_SD_01.jpg"}}, {"model": "products.product", "pk": 81, "fields": {"category": 10, "sku": "VENUM-03832-100", "name": "VENUM CHALLENGER PRO EVO BACKPACK - BLACK/RED", "description": "The Venum Challenger Pro Evo Backpack is made up of 3 compartments to ensure ergonomic storage of your belongings.\r\n\r\nThis bag is suitable for accompanying you to the gym as well as the city.\r\n\r\nFor combat sports practitioners, it has sufficient storage capacity to carry your gloves as well as your accessories.\r\n\r\nIts external side pockets provide additional storage for smaller items such as a tape, or a mouth guard.", "has_sizes": false, "price": "64.99", "rating": "4.20", "image_url": "https://euro.venum.com/media/catalog/product/cache/3d6373dfdbd8bf7042581a31874a0831/B/A/BAGS_CHALLENGER_PRO_EVO_BACKPACK_BLACK_RED_SD_01.jpg", "image": "BAGS_CHALLENGER_PRO_EVO_BACKPACK_BLACK_RED_SD_01.jpg"}}, {"model": "products.product", "pk": 82, "fields": {"category": 10, "sku": "VENUM-03832-114", "name": "VENUM CHALLENGER PRO EVO BACKPACK - BLACK/BLACK", "description": "The Venum Challenger Pro Evo Backpack is made up of 3 compartments to ensure ergonomic storage of your belongings.\r\n\r\nThis bag is suitable for accompanying you to the gym as well as the city.\r\n\r\nFor combat sports practitioners, it has sufficient storage capacity to carry your gloves as well as your accessories.\r\n\r\nIts external side pockets provide additional storage for smaller items such as a tape, or a mouth guard.", "has_sizes": false, "price": "64.99", "rating": "3.60", "image_url": "https://euro.venum.com/media/catalog/product/cache/3d6373dfdbd8bf7042581a31874a0831/B/A/BAGS_CHALLENGER_PRO_EVO_BACKPACK_BLACK_BLACK_SD_01.jpg", "image": "BAGS_CHALLENGER_PRO_EVO_BACKPACK_BLACK_BLACK_SD_01.jpg"}}, {"model": "products.product", "pk": 83, "fields": {"category": 10, "sku": "VENUM-03832-126", "name": "VENUM CHALLENGER PRO EVO BACKPACK - BLACK/GOLD €64.99", "description": "The Venum Challenger Pro Evo Backpack is made up of 3 compartments to ensure ergonomic storage of your belongings.\r\n\r\nThis bag is suitable for accompanying you to the gym as well as the city.\r\n\r\nFor combat sports practitioners, it has sufficient storage capacity to carry your gloves as well as your accessories.\r\n\r\nIts external side pockets provide additional storage for smaller items such as a tape, or a mouth guard.", "has_sizes": false, "price": "64.99", "rating": "3.30", "image_url": "https://euro.venum.com/media/catalog/product/cache/3d6373dfdbd8bf7042581a31874a0831/B/A/BAGS_CHALLENGER_PRO_EVO_BACKPACK_BLACK_GOLD_SD_01.jpg", "image": "BAGS_CHALLENGER_PRO_EVO_BACKPACK_BLACK_GOLD_SD_01.jpg"}}, {"model": "products.product", "pk": 84, "fields": {"category": 10, "sku": "VENUM-03832-414", "name": "VENUM CHALLENGER PRO EVO BACKPACK - BLUE/WHITE", "description": "The Venum Challenger Pro Evo Backpack is made up of 3 compartments to ensure ergonomic storage of your belongings.\r\n\r\nThis bag is suitable for accompanying you to the gym as well as the city.\r\n\r\nFor combat sports practitioners, it has sufficient storage capacity to carry your gloves as well as your accessories.\r\n\r\nIts external side pockets provide additional storage for smaller items such as a tape, or a mouth guard.", "has_sizes": false, "price": "64.99", "rating": "2.90", "image_url": "https://euro.venum.com/media/catalog/product/cache/3d6373dfdbd8bf7042581a31874a0831/B/A/BAGS_CHALLENGER_PRO_EVO_BACKPACK_BLUE_WHITE_SD_01.jpg", "image": "BAGS_CHALLENGER_PRO_EVO_BACKPACK_BLUE_WHITE_SD_01.jpg"}}, {"model": "products.product", "pk": 85, "fields": {"category": 10, "sku": "VENUM-03832-200", "name": "VENUM CHALLENGER PRO EVO BACKPACK - KHAKI/BLACK", "description": "The Venum Challenger Pro Evo Backpack is made up of 3 compartments to ensure ergonomic storage of your belongings.\r\n\r\nThis bag is suitable for accompanying you to the gym as well as the city.\r\n\r\nFor combat sports practitioners, it has sufficient storage capacity to carry your gloves as well as your accessories.\r\n\r\nIts external side pockets provide additional storage for smaller items such as a tape, or a mouth guard.", "has_sizes": false, "price": "64.99", "rating": "4.10", "image_url": "https://euro.venum.com/media/catalog/product/cache/3d6373dfdbd8bf7042581a31874a0831/B/A/BAGS_CHALLENGER_PRO_EVO_BACKPACK_BLACK_KHAKI_SD_01.jpg", "image": "BAGS_CHALLENGER_PRO_EVO_BACKPACK_BLACK_KHAKI_SD_01.jpg"}}, {"model": "products.product", "pk": 86, "fields": {"category": 11, "sku": "VENUM-04109-413", "name": "VENUM ONE FC IMPACT HOODIE - GREY/YELLOW", "description": "The ONE FC Impact Hooded Sweatshirt is a perfect blend of style and know-how.\r\n\r\n\r\n\r\nIntricately designed, this embossed sweatshirt is a \"must have\" that will go perfectly with the joggers from the same collection.\r\n\r\n\r\n\r\nONE FC is one of the world's largest combat sports organizations. Broadcast in over 128 countries, this promotion organizes MMA, Muay Thai and kickboxing bouts. ONE FC brings together the greatest specialists across these disciplines, including Giorgio Petrosyan, Samy Sana, Élias Mamhoudi, Sitthichai and Bobo Sacko.", "has_sizes": true, "price": "94.99", "rating": "4.40", "image_url": "https://euro.venum.com/media/catalog/product/cache/3d6373dfdbd8bf7042581a31874a0831/2/4/24fe9d4392e896171e1766860445cfeea29cdd3a_HOODIES_ONEFC_IMPACT_GREY_YELLOW_01.jpg", "image": "24fe9d4392e896171e1766860445cfeea29cdd3a_HOODIES_ONEFC_IMPACT_GREY_YELLOW_01.jpg"}}, {"model": "products.product", "pk": 87, "fields": {"category": 11, "sku": "VENUM-04111-413", "name": "VENUM ONE FC IMPACT JOGGERS - GREY/YELLOW", "description": "The ONE FC Impact joggers are perfectly fitted and extremely comfortable. Halfway between streetwear and fightwear, these ONE FC joggers will please combat sports fans.\r\n\r\n\r\n\r\nONE FC is one of the world's largest combat sports organizations. Broadcast in over 128 countries, this promotion organizes MMA, Muay Thai and kickboxing bouts. ONE FC brings together the greatest specialists across these disciplines, including Giorgio Petrosyan, Samy Sana, Élias Mamhoudi, Sitthichai and Bobo Sacko.", "has_sizes": true, "price": "74.99", "rating": "4.20", "image_url": "https://euro.venum.com/media/catalog/product/cache/3d6373dfdbd8bf7042581a31874a0831/e/0/e042cf1b355d8ccdb65ae0040acdad1f1e02211e_JOGGING_ONEFC_IMPACT_GREY_YELLOW_01.jpg", "image": "e042cf1b355d8ccdb65ae0040acdad1f1e02211e_JOGGING_ONEFC_IMPACT_GREY_YELLOW_01.jpg"}}, {"model": "products.product", "pk": 88, "fields": {"category": 11, "sku": "VENUM-04115-539", "name": "VENUM ONE FC IMPACT TRAINING SHORTS - BLACK/KHAKI", "description": "ONE FC Fightshorts are perfect for MMA, Muay Thai, Kickboxing or grappling. Designed to offer total freedom of movement, these shorts are extremely flexible and feature side slits inspired by authentic Thai boxing shorts. A self-gripping closure system and an elastic waistband ensure the shorts stay put regardless of the movements performed.\r\n\r\n\r\n\r\nONE FC is one of the world's largest combat sports organizations. Broadcast in over 128 countries, this promotion organizes MMA, Muay Thai and kickboxing bouts. ONE FC brings together the greatest specialists across these disciplines, including Giorgio Petrosyan, Samy Sana, Élias Mamhoudi, Sitthichai and Bobo Sacko.", "has_sizes": true, "price": "49.99", "rating": "4.10", "image_url": "https://euro.venum.com/media/catalog/product/cache/3d6373dfdbd8bf7042581a31874a0831/T/R/TRAINING_SHORT_ONEFC_IMPACT_BLACK_KHAKI_01__1_.jpg", "image": "TRAINING_SHORT_ONEFC_IMPACT_BLACK_KHAKI_01__1_.jpg"}}, {"model": "products.product", "pk": 89, "fields": {"category": 11, "sku": "VENUM-04108-539", "name": "VENUM ONE FC IMPACT FIGHTSHORTS - BLACK/KHAKI", "description": "ONE FC Fightshorts are perfect for MMA, Muay Thai, Kickboxing or grappling. Designed to offer total freedom of movement, these shorts are extremely flexible and feature side slits inspired by authentic Thai boxing shorts. A self-gripping closure system and an elastic waistband ensure the shorts stay put regardless of the movements performed.\r\n\r\n\r\n\r\nONE FC is one of the world's largest combat sports organizations. Broadcast in over 128 countries, this promotion organizes MMA, Muay Thai and kickboxing bouts. ONE FC brings together the greatest specialists across these disciplines, including Giorgio Petrosyan, Samy Sana, Élias Mamhoudi, Sitthichai and Bobo Sacko.", "has_sizes": true, "price": "65.99", "rating": "3.60", "image_url": "https://euro.venum.com/media/catalog/product/cache/3d6373dfdbd8bf7042581a31874a0831/0/2/02d62841d594d3387bd1ee4b18807ec36bb0da21_FS_ONEFC_IMPACT_BLACK_KHAKI_01.jpg", "image": "02d62841d594d3387bd1ee4b18807ec36bb0da21_FS_ONEFC_IMPACT_BLACK_KHAKI_01.webp"}}, {"model": "products.product", "pk": 90, "fields": {"category": 11, "sku": "VENUM-04107-413", "name": "VENUM ONE FC IMPACT DRY TECH T-SHIRT - GREY/YELLOW", "description": "The Dry-Tech ONE FC Impact T-Shirts have been designed to wick away sweat and dry faster than regular sports shirts. These slightly fitted shirts are as flexible as they are lightweight. Their technical design in the colors of ONE FC is a beautiful blend of style and energy!\r\n\r\n\r\n\r\nONE FC is one of the world's largest combat sports organizations. Broadcast in over 128 countries, this promotion organizes MMA, Muay Thai and kickboxing bouts. ONE FC brings together the greatest specialists across these disciplines, including Giorgio Petrosyan, Samy Sana, Élias Mamhoudi, Sitthichai and Bobo Sacko.", "has_sizes": true, "price": "40.00", "rating": "3.60", "image_url": "https://euro.venum.com/media/catalog/product/cache/3d6373dfdbd8bf7042581a31874a0831/a/d/ad48fb6dfa1193de4247ace71da73201340408d4_DRYTECH_ONEFC_IMPACT_GREY_YELLOW_01.jpg", "image": "ad48fb6dfa1193de4247ace71da73201340408d4_DRYTECH_ONEFC_IMPACT_GREY_YELLOW_01.webp"}}, {"model": "products.product", "pk": 91, "fields": {"category": 11, "sku": "VENUM-04113-539", "name": "VENUM ONE FC IMPACT RASHGUARD - SHORT SLEEVES - BLACK/KHAKI", "description": "The ONE FC Impact rashguard is ideal for MMA practice, but can suit all combat sports.\r\n\r\nThis compression shirt enhances active muscle recovery: perfectly engineered compression across the entire torso improves muscle maintenance and circulation. It also has a protective function through limiting the scrapes and friction associated with combat\r\n\r\nsports.\r\n\r\nThe elasticity and softness of its fabric make this t-shirt very comfortable. Large mesh inserts facilitate perspiration wicking and optimize thermoregulation.\r\n\r\nONE FC is one of the world&#39;s largest combat sports organizations. Broadcast in over 128 countries, this promotion organizes MMA, Muay Thai and kickboxing bouts. ONE FC brings together the greatest specialists across these disciplines, including Giorgio Petrosyan, Samy Sana, Élias Mamhoudi, Sitthichai and Bobo Sacko.", "has_sizes": true, "price": "55.00", "rating": "3.30", "image_url": "https://euro.venum.com/media/catalog/product/cache/3d6373dfdbd8bf7042581a31874a0831/9/9/994bdcf2a899595e97c9261ac7038027e8e47138_RASH_SS__ONEFC_IMPACT_BLACK_KHAKI_01.jpg", "image": "994bdcf2a899595e97c9261ac7038027e8e47138_RASH_SS__ONEFC_IMPACT_BLACK_KHAKI_01.webp"}}, {"model": "products.product", "pk": 92, "fields": {"category": 11, "sku": "VENUM-04113-539", "name": "VENUM LEGACY BOXING GLOVES", "description": "These Legacy boxing gloves are ideal for regular use and intensive training.\r\n\r\n\r\n\r\nDesigned to provide full hand protection, these gloves are built around triple density foam that absorbs shock waves. The wrist is protected by the longer, more stable cuff, and the thumb is attached to the rest of the hand to reduce the risk of injury.\r\n\r\n\r\n\r\nThe seams of the premium PU coating are reinforced to increase their lifespan, which are perfectly suited to the practice of all combat sports.\r\n\r\n\r\n\r\nThe ventilation system located in the palm of the hand facilitates the evacuation of perspiration.", "has_sizes": true, "price": "54.98", "rating": "3.90", "image_url": "https://euro.venum.com/media/catalog/product/cache/3d6373dfdbd8bf7042581a31874a0831/a/e/ae452cc477aa32cc581c6de607bdfc363b18391f_BG_LEGACY_BLACK_WHITE_SD_01.jpg", "image": "ae452cc477aa32cc581c6de607bdfc363b18391f_BG_LEGACY_BLACK_WHITE_SD_01.webp"}}, {"model": "products.product", "pk": 93, "fields": {"category": 12, "sku": "VENUM-03523-126", "name": "VENUM CLUB 182 TANK TOP - BLACK/GOLD", "description": "The Venum Club 182 Tank Top is a perfect mix between the Dry Tech Technology and strategic mesh panels. The result : a maximal ventilation and a top notch thermoregulation of your body. This lightweight Tank Top offers a great mobility to let you surpass yourself everytime.", "has_sizes": true, "price": "24.00", "rating": "2.60", "image_url": "https://euro.venum.com/media/catalog/product/cache/3d6373dfdbd8bf7042581a31874a0831/0/5/0581e9fdbf4500ec4e7545af29bc59c645ce3b0a_TANKTOP_CLUB182_BLACK_GOLD_SD_01.jpg", "image": "0581e9fdbf4500ec4e7545af29bc59c645ce3b0a_TANKTOP_CLUB182_BLACK_GOLD_SD_01.jpg"}}, {"model": "products.product", "pk": 94, "fields": {"category": 12, "sku": "VENUM-03520-126", "name": "VENUM \"CLUB 182\" TRACK JACKETS - BLACK/GOLD", "description": "Full of style, the pure line Venum Club 182 Track jacket will keep you warm before or after your training.\r\n\r\nLightweight and robust, The Venum Club 182 track jacket is made of Ripstop fabric and will resist every challenge you’ll face.", "has_sizes": true, "price": "41.99", "rating": "3.30", "image_url": "https://euro.venum.com/media/catalog/product/cache/3d6373dfdbd8bf7042581a31874a0831/0/6/069a76f0912550c5fbce50822ea4d6972408a6c6_TRACK_JACKETS_CLUB182_BLACK_GOLD_SD_01.jpg", "image": "069a76f0912550c5fbce50822ea4d6972408a6c6_TRACK_JACKETS_CLUB182_BLACK_GOLD_SD_01.webp"}}, {"model": "products.product", "pk": 95, "fields": {"category": 12, "sku": "VENUM-03514-126", "name": "VENUM CLUB 182 DRY TECH T-SHIRT - BLACK/GOLD", "description": "Lightweight and comfortable, the Dry Tech Venum Club 182 t-shirt is ideal for all your intensive training sessions!\r\n\r\nThanks to Venum Dry Tech ™ technology, it removes sweat and dries quickly.\r\n\r\n\r\n\r\n\r\n\r\nThis model measures  180 cm, weighs 72 kg and wears a size M product. His chest measurement is 96 cm and his waist measurement is 75 cm.", "has_sizes": true, "price": "26.99", "rating": "2.30", "image_url": "https://euro.venum.com/media/catalog/product/cache/3d6373dfdbd8bf7042581a31874a0831/d/e/de0d32189de0801353b7bff476d478291ec5acc1_DRYTECH_CLUB182_BLACK_GOLD_SD_01.jpg", "image": "de0d32189de0801353b7bff476d478291ec5acc1_DRYTECH_CLUB182_BLACK_GOLD_SD_01.jpg"}}, {"model": "products.product", "pk": 96, "fields": {"category": 13, "sku": "VENUM-03631-114", "name": "VENUM DEVIL RASHGUARD - SHORT SLEEVES - BLACK/BLACK", "description": "Thanks to its compression system the Venum Devil Rashguard offers a secon skin effect that lets you move easily.\r\nThis rashguard features a large graphic printed on the front, as well as a small brand logo on the sleeves.\r\n\r\nThe Venum breathable insulation system wicks moisture to help keep you warm and dry during your training sessions.", "has_sizes": true, "price": "19.99", "rating": "2.40", "image_url": "https://euro.venum.com/media/catalog/product/cache/3d6373dfdbd8bf7042581a31874a0831/6/1/61a2ebc572e2abb8988d51c0c9f6de3fe7c25e7a_RASH_SS_DEVIL_BLACK_BLACK_1500_01.jpg", "image": "61a2ebc572e2abb8988d51c0c9f6de3fe7c25e7a_RASH_SS_DEVIL_BLACK_BLACK_1500_01.jpg"}}, {"model": "products.product", "pk": 97, "fields": {"category": 13, "sku": "VENUM-03623-114", "name": "VENUM DEVIL COMPRESSION SHORTS - BLACK/BLACK", "description": "The Venum Devil Vale Tudo Shorts offers maximum support thanks to the Venum compression technology, which puts pressure on the muscles to improve blood circulation and therefore a better supply of Oxygen.\r\n\r\nIts compression system reduces stress and fatigue and allows you to improve your recovery time during intense sessions.\r\n\r\nThe Venum breathable insulation system wicks moisture to help keep you warm and dry during your training sessions.", "has_sizes": false, "price": "19.99", "rating": "2.30", "image_url": "https://euro.venum.com/media/catalog/product/cache/3d6373dfdbd8bf7042581a31874a0831/2/f/2f6211889879e2caf1bd10dfa8481a3de33a2843_COMPRESSION_SHORTS_DEVIL_BLACK_BLACK_1500_01.jpg", "image": "2f6211889879e2caf1bd10dfa8481a3de33a2843_COMPRESSION_SHORTS_DEVIL_BLACK_BLACK_1500_01.jpg"}}, {"model": "products.product", "pk": 98, "fields": {"category": 13, "sku": "PACKM-00114", "name": "LOMA COMMANDO TECHNICAL PACK 1", "description": "Get the whole package and fight like a thief in the night.", "has_sizes": true, "price": "148.98", "rating": "3.90", "image_url": "https://euro.venum.com/media/catalog/product/cache/3d6373dfdbd8bf7042581a31874a0831/p/a/pack_loma_vignettes_1500x1800y_01.jpg", "image": "pack_loma_vignettes_1500x1800y_01.jpg"}}, {"model": "products.product", "pk": 99, "fields": {"category": 13, "sku": "VENUM-03626-114", "name": "VENUM DEVIL T-SHIRT - BLACK/BLACK", "description": "Thanks to its fitted cut the Venum Devil t-shirts offers unmatched style and maximum comfort.\r\n\r\nThis t-shirt features a large shiny screenprint on the front, as well as a small brand logo on the sleeves.\r\n\r\nThe Venum Devil t-shirt is as good for a casual look as for training sessions.", "has_sizes": true, "price": "19.79", "rating": "3.90", "image_url": "https://euro.venum.com/media/catalog/product/cache/3d6373dfdbd8bf7042581a31874a0831/3/9/39ea8411c294807a33eb45259e8771856bc45e7e_TS_DEVIL_BLACK_BLACK_1500_01.jpg", "image": "39ea8411c294807a33eb45259e8771856bc45e7e_TS_DEVIL_BLACK_BLACK_1500_01.jpg"}}, {"model": "checkout.order", "pk": 1, "fields": {"order_number": "CAFEC1935C594899B58DB06C39F2A44B", "user_profile": null, "full_name": "Ugazz Grand", "email": "test@test.com", "phone_number": "0735071142", "country": "US", "postcode": "12345", "town_or_city": "Stock", "street_address1": "Asdwer 45", "street_address2": null, "county": null, "date": "2020-10-30T08:37:04.821Z", "delivery_cost": "0.00", "order_total": "59.99", "grand_total": "59.99", "original_bag": "", "stripe_pid": ""}}, {"model": "checkout.order", "pk": 2, "fields": {"order_number": "6B26E377653940B3A411EBFD543CDAB7", "user_profile": null, "full_name": "Napoleon Bonaparte", "email": "test@test.com", "phone_number": "0735071142", "country": "US", "postcode": null, "town_or_city": "Bromma", "street_address1": "Blackebergsbacken 65", "street_address2": null, "county": null, "date": "2020-10-30T08:59:49.141Z", "delivery_cost": "4.00", "order_total": "39.99", "grand_total": "43.99", "original_bag": "", "stripe_pid": ""}}, {"model": "checkout.order", "pk": 3, "fields": {"order_number": "E7ABF41D1D054EE9B89D5972662421BD", "user_profile": null, "full_name": "asdasdasdasd", "email": "test@test.com", "phone_number": "0735071142", "country": "US", "postcode": null, "town_or_city": "Bromma", "street_address1": "Asdwer 45", "street_address2": null, "county": null, "date": "2020-10-30T09:04:23.008Z", "delivery_cost": "0.00", "order_total": "59.99", "grand_total": "59.99", "original_bag": "", "stripe_pid": ""}}, {"model": "checkout.order", "pk": 4, "fields": {"order_number": "DAA786AB2BD741FF969E79B9965627B1", "user_profile": null, "full_name": "Test", "email": "test@test.com", "phone_number": "0735071142", "country": "US", "postcode": null, "town_or_city": "anywhere", "street_address1": "cergrththwer", "street_address2": null, "county": null, "date": "2020-10-30T09:05:14.717Z", "delivery_cost": "3.00", "order_total": "29.99", "grand_total": "32.99", "original_bag": "", "stripe_pid": ""}}, {"model": "checkout.order", "pk": 5, "fields": {"order_number": "54D9EBFCDAB348919CE00B0316643E77", "user_profile": null, "full_name": "Napoleon Bonaparte", "email": "test@test.com", "phone_number": "0735071142", "country": "US", "postcode": null, "town_or_city": "Bromma", "street_address1": "Asdwer 45", "street_address2": null, "county": null, "date": "2020-10-30T09:10:09.925Z", "delivery_cost": "0.00", "order_total": "59.99", "grand_total": "59.99", "original_bag": "", "stripe_pid": ""}}, {"model": "checkout.order", "pk": 6, "fields": {"order_number": "0006FE35BE784D788062B7F0BCC91709", "user_profile": null, "full_name": "Test", "email": "test@test.com", "phone_number": "0735071142", "country": "US", "postcode": null, "town_or_city": "Stock", "street_address1": "Asdwer 45", "street_address2": null, "county": null, "date": "2020-10-30T10:39:31.397Z", "delivery_cost": "1.50", "order_total": "14.99", "grand_total": "16.49", "original_bag": "", "stripe_pid": ""}}, {"model": "checkout.order", "pk": 7, "fields": {"order_number": "A90490DE3B1D4A0682F9AD3787237DD6", "user_profile": null, "full_name": "Sandokan Schiavone", "email": "test@test.com", "phone_number": "0796954405", "country": "US", "postcode": null, "town_or_city": "Bromma", "street_address1": "anywhere", "street_address2": null, "county": null, "date": "2020-10-30T11:05:29.711Z", "delivery_cost": "5.00", "order_total": "49.99", "grand_total": "54.99", "original_bag": "{\"26\": {\"items_by_size\": {\"m\": 1}}}", "stripe_pid": "pi_1HhvPgKHijKuzWtfoIQp2OBZ"}}, {"model": "checkout.order", "pk": 8, "fields": {"order_number": "5DB8239645E34D0E876DA6B2849AA033", "user_profile": 2, "full_name": "Petko Angelov", "email": "test@test.com", "phone_number": "0756985698", "country": "BG", "postcode": "123321", "town_or_city": "Sofia", "street_address1": "Petkos street 65", "street_address2": null, "county": null, "date": "2020-11-02T14:10:21.936Z", "delivery_cost": "4.00", "order_total": "39.99", "grand_total": "43.99", "original_bag": "{\"25\": {\"items_by_size\": {\"m\": 1}}}", "stripe_pid": "pi_1Hj3j3KHijKuzWtfbTVlrWcS"}}, {"model": "checkout.order", "pk": 9, "fields": {"order_number": "C02726BAEB624E8FB764AFA12087E1E2", "user_profile": 2, "full_name": "Petko Angelov", "email": "test@test.com", "phone_number": "756985698", "country": "BG", "postcode": "123321", "town_or_city": "Sofia", "street_address1": "Petkos street 65", "street_address2": null, "county": null, "date": "2020-11-02T14:21:18.761Z", "delivery_cost": "4.00", "order_total": "39.99", "grand_total": "43.99", "original_bag": "{\"25\": {\"items_by_size\": {\"m\": 1}}}", "stripe_pid": "pi_1Hj3tZKHijKuzWtf3SVr4aua"}}, {"model": "checkout.order", "pk": 10, "fields": {"order_number": "243573AE8C434200BF99D5D79EFC91F0", "user_profile": 2, "full_name": "Petko Angelov", "email": "test@test.com", "phone_number": "756985698", "country": "BG", "postcode": "123321", "town_or_city": "Sofia", "street_address1": "Petkos street 65", "street_address2": null, "county": null, "date": "2020-11-02T14:35:09.913Z", "delivery_cost": "1.50", "order_total": "14.99", "grand_total": "16.49", "original_bag": "{\"29\": 1}", "stripe_pid": "pi_1Hj46xKHijKuzWtfRCg7zx0g"}}, {"model": "checkout.orderlineitem", "pk": 1, "fields": {"order": 1, "product": 19, "product_size": "m", "quantity": 1, "lineitem_total": "59.99"}}, {"model": "checkout.orderlineitem", "pk": 2, "fields": {"order": 2, "product": 25, "product_size": "m", "quantity": 1, "lineitem_total": "39.99"}}, {"model": "checkout.orderlineitem", "pk": 3, "fields": {"order": 3, "product": 19, "product_size": "m", "quantity": 1, "lineitem_total": "59.99"}}, {"model": "checkout.orderlineitem", "pk": 4, "fields": {"order": 4, "product": 3, "product_size": "m", "quantity": 1, "lineitem_total": "29.99"}}, {"model": "checkout.orderlineitem", "pk": 5, "fields": {"order": 5, "product": 19, "product_size": "m", "quantity": 1, "lineitem_total": "59.99"}}, {"model": "checkout.orderlineitem", "pk": 6, "fields": {"order": 6, "product": 29, "product_size": null, "quantity": 1, "lineitem_total": "14.99"}}, {"model": "checkout.orderlineitem", "pk": 7, "fields": {"order": 7, "product": 26, "product_size": "m", "quantity": 1, "lineitem_total": "49.99"}}, {"model": "checkout.orderlineitem", "pk": 8, "fields": {"order": 8, "product": 25, "product_size": "m", "quantity": 1, "lineitem_total": "39.99"}}, {"model": "checkout.orderlineitem", "pk": 9, "fields": {"order": 9, "product": 25, "product_size": "m", "quantity": 1, "lineitem_total": "39.99"}}, {"model": "checkout.orderlineitem", "pk": 10, "fields": {"order": 10, "product": 29, "product_size": null, "quantity": 1, "lineitem_total": "14.99"}}, {"model": "profiles.userprofile", "pk": 1, "fields": {"user": 1, "default_phone_number": null, "default_street_address1": null, "default_street_address2": null, "default_town_or_city": null, "default_county": null, "default_postcode": null, "default_country": null}}, {"model": "profiles.userprofile", "pk": 2, "fields": {"user": 2, "default_phone_number": "756985698", "default_street_address1": "Petkos street 65", "default_street_address2": null, "default_town_or_city": "Sofia", "default_county": null, "default_postcode": "123321", "default_country": "BG"}}, {"model": "contact.contact", "pk": 1, "fields": {"first_name": "Niko", "last_name": "Stracci", "contact_subject": "sdaoksd", "email": "npg_nikos@hotmail.com", "contact_body": "asdwerwer", "contact_date": "2020-11-04T13:58:54.806Z", "query_user": null}}, {"model": "contact.contact", "pk": 2, "fields": {"first_name": "Asdasd", "last_name": "Asdasd", "contact_subject": "ASdasd", "email": "npg_nikos@hotmail.com", "contact_body": "asdasdasdasd", "contact_date": "2020-11-04T14:02:55.347Z", "query_user": null}}]